
SET NAMES utf8;
SET FOREIGN_KEY_CHECKS = 0;

-- ----------------------------
--  Table structure for `yf_admin_base_protocol`
-- ----------------------------
DROP TABLE IF EXISTS `yf_admin_base_protocol`;
CREATE TABLE `yf_admin_base_protocol` (
  `protocol_id` mediumint(8) NOT NULL AUTO_INCREMENT COMMENT '协议索引Id',
  `cmd_id` smallint(4) NOT NULL DEFAULT '0' COMMENT '协议Id',
  `ctl` varchar(50) NOT NULL DEFAULT '' COMMENT '控制器类名称',
  `met` varchar(50) NOT NULL DEFAULT '' COMMENT '控制器方法',
  `db` enum('master','slave') NOT NULL DEFAULT 'master' COMMENT '连接数据库类型',
  `typ` enum('e','json','msgpcak','amf') NOT NULL DEFAULT 'json' COMMENT '输出数据默认类型',
  `rights_id` mediumint(20) NOT NULL COMMENT '权限Id',
  `log` tinyint(1) NOT NULL DEFAULT '0' COMMENT '是否记录日志',
  `struct` varchar(100) NOT NULL DEFAULT '' COMMENT '生成结构体，独立使用',
  `comment` varchar(255) NOT NULL DEFAULT '' COMMENT '注释',
  `0` varchar(255) NOT NULL DEFAULT 'int16_t:cmd_id' COMMENT '第一个字段',
  `1` varchar(255) NOT NULL DEFAULT '',
  `2` varchar(255) NOT NULL DEFAULT '',
  `3` varchar(255) NOT NULL DEFAULT '',
  `4` varchar(255) NOT NULL DEFAULT '',
  `5` varchar(255) NOT NULL DEFAULT '',
  `6` varchar(255) NOT NULL DEFAULT '',
  `7` varchar(255) NOT NULL DEFAULT '',
  `8` varchar(255) NOT NULL DEFAULT '',
  `9` varchar(255) NOT NULL DEFAULT '',
  `10` varchar(255) NOT NULL DEFAULT '',
  `11` varchar(255) NOT NULL DEFAULT '',
  `12` varchar(255) NOT NULL DEFAULT '',
  `13` varchar(255) NOT NULL DEFAULT '',
  `14` varchar(255) NOT NULL DEFAULT '',
  `15` varchar(255) NOT NULL DEFAULT '',
  `16` varchar(255) NOT NULL DEFAULT '',
  `17` varchar(255) NOT NULL DEFAULT '',
  `18` varchar(255) NOT NULL DEFAULT '',
  `19` varchar(255) NOT NULL DEFAULT '',
  `20` varchar(255) NOT NULL DEFAULT '',
  `21` varchar(255) NOT NULL DEFAULT '',
  `22` varchar(255) NOT NULL DEFAULT '',
  `23` varchar(255) NOT NULL DEFAULT '',
  `24` varchar(255) NOT NULL DEFAULT '',
  `25` varchar(255) NOT NULL DEFAULT '',
  `26` varchar(255) NOT NULL DEFAULT '',
  `27` varchar(255) NOT NULL DEFAULT '',
  `28` varchar(255) NOT NULL DEFAULT '',
  `29` varchar(255) NOT NULL DEFAULT '',
  `30` varchar(255) NOT NULL DEFAULT '',
  `31` varchar(255) NOT NULL DEFAULT '',
  `32` varchar(255) NOT NULL DEFAULT '',
  `33` varchar(255) NOT NULL DEFAULT '',
  `34` varchar(255) NOT NULL DEFAULT '',
  PRIMARY KEY (`protocol_id`),
  UNIQUE KEY `cmd_id_key` (`cmd_id`)
) ENGINE=InnoDB AUTO_INCREMENT=1950 DEFAULT CHARSET=utf8  COMMENT='基础通信协议表';

-- ----------------------------
--  Records of `yf_admin_base_protocol`
-- ----------------------------
BEGIN;
INSERT INTO `yf_admin_base_protocol` VALUES ('1', '1', 'Index', 'index', 'master', 'e', '3000', '0', '', '首页', 'int16_t:cmd_id', '', '', '', '', '', '', '', '', '', '', '', '', '', '', '', '', '', '', '', '', '', '', '', '', '', '', '', '', '', '', '', '', '', ''), ('2', '2', 'Article_Group', 'index', 'master', 'e', '3010', '0', '', '文章分类_查询', 'int16_t:cmd_id', '', '', '', '', '', '', '', '', '', '', '', '', '', '', '', '', '', '', '', '', '', '', '', '', '', '', '', '', '', '', '', '', '', ''), ('3', '3', 'Article_Group', 'articleGroupList', 'master', 'json', '3010', '0', '', '文章分类_查询', 'int16_t:cmd_id', '', '', '', '', '', '', '', '', '', '', '', '', '', '', '', '', '', '', '', '', '', '', '', '', '', '', '', '', '', '', '', '', '', ''), ('4', '4', 'Article_Group', 'addGroup', 'master', 'json', '3020', '0', '', '文章分类_新增', 'int16_t:cmd_id', '', '', '', '', '', '', '', '', '', '', '', '', '', '', '', '', '', '', '', '', '', '', '', '', '', '', '', '', '', '', '', '', '', ''), ('5', '5', 'Article_Group', 'manage', 'master', 'e', '3030', '0', '', '文章分类_修改', 'int16_t:cmd_id', '', '', '', '', '', '', '', '', '', '', '', '', '', '', '', '', '', '', '', '', '', '', '', '', '', '', '', '', '', '', '', '', '', ''), ('6', '6', 'Article_Group', 'editGroup', 'master', 'json', '3030', '0', '', '文章分类_修改', 'int16_t:cmd_id', '', '', '', '', '', '', '', '', '', '', '', '', '', '', '', '', '', '', '', '', '', '', '', '', '', '', '', '', '', '', '', '', '', ''), ('7', '7', 'Article_Group', 'removeGroup', 'master', 'json', '3040', '0', '', '文章分类_删除', 'int16_t:cmd_id', '', '', '', '', '', '', '', '', '', '', '', '', '', '', '', '', '', '', '', '', '', '', '', '', '', '', '', '', '', '', '', '', '', ''), ('17', '17', 'Article_Base', 'index', 'master', 'e', '3060', '0', '', '文章管理_查询', 'int16_t:cmd_id', '', '', '', '', '', '', '', '', '', '', '', '', '', '', '', '', '', '', '', '', '', '', '', '', '', '', '', '', '', '', '', '', '', ''), ('18', '18', 'Article_Base', 'articleBaseList', 'master', 'json', '3060', '0', '', '文章管理_查询', 'int16_t:cmd_id', '', '', '', '', '', '', '', '', '', '', '', '', '', '', '', '', '', '', '', '', '', '', '', '', '', '', '', '', '', '', '', '', '', ''), ('19', '19', 'Article_Base', 'addArticleBase', 'master', 'json', '3070', '0', '', '文章管理_新增', 'int16_t:cmd_id', '', '', '', '', '', '', '', '', '', '', '', '', '', '', '', '', '', '', '', '', '', '', '', '', '', '', '', '', '', '', '', '', '', ''), ('20', '20', 'Article_Base', 'editArticleBase', 'master', 'json', '3080', '0', '', '文章管理_修改', 'int16_t:cmd_id', '', '', '', '', '', '', '', '', '', '', '', '', '', '', '', '', '', '', '', '', '', '', '', '', '', '', '', '', '', '', '', '', '', ''), ('21', '21', 'Article_Base', 'removeBase', 'master', 'json', '3090', '0', '', '文章管理_删除', 'int16_t:cmd_id', '', '', '', '', '', '', '', '', '', '', '', '', '', '', '', '', '', '', '', '', '', '', '', '', '', '', '', '', '', '', '', '', '', ''), ('22', '22', 'Article_Base', 'manage', 'master', 'e', '3080', '0', '', '文章管理_修改', 'int16_t:cmd_id', '', '', '', '', '', '', '', '', '', '', '', '', '', '', '', '', '', '', '', '', '', '', '', '', '', '', '', '', '', '', '', '', '', ''), ('32', '32', 'Member_Agreement', 'index', 'master', 'e', '3140', '0', '', '会员协议_查询', 'int16_t:cmd_id', '', '', '', '', '', '', '', '', '', '', '', '', '', '', '', '', '', '', '', '', '', '', '', '', '', '', '', '', '', '', '', '', '', ''), ('33', '33', 'Member_Agreement', 'memberAgreementList', 'master', 'json', '3140', '0', '', '会员协议_查询', 'int16_t:cmd_id', '', '', '', '', '', '', '', '', '', '', '', '', '', '', '', '', '', '', '', '', '', '', '', '', '', '', '', '', '', '', '', '', '', ''), ('34', '34', 'Member_Agreement', 'addMmberAgreement', 'master', 'json', '3110', '0', '', '会员协议_新增', 'int16_t:cmd_id', '', '', '', '', '', '', '', '', '', '', '', '', '', '', '', '', '', '', '', '', '', '', '', '', '', '', '', '', '', '', '', '', '', ''), ('35', '35', 'Member_Agreement', 'manage', 'master', 'e', '3130', '0', '', '会员协议_修改', 'int16_t:cmd_id', '', '', '', '', '', '', '', '', '', '', '', '', '', '', '', '', '', '', '', '', '', '', '', '', '', '', '', '', '', '', '', '', '', ''), ('36', '36', 'Member_Agreement', 'editMemberAgreement', 'master', 'json', '3130', '0', '', '会员协议_修改', 'int16_t:cmd_id', '', '', '', '', '', '', '', '', '', '', '', '', '', '', '', '', '', '', '', '', '', '', '', '', '', '', '', '', '', '', '', '', '', ''), ('37', '37', 'Member_Agreement', 'removeMemberAgreement', 'master', 'json', '3120', '0', '', '会员协议_删除', 'int16_t:cmd_id', '', '', '', '', '', '', '', '', '', '', '', '', '', '', '', '', '', '', '', '', '', '', '', '', '', '', '', '', '', '', '', '', '', ''), ('47', '47', 'Platform_Nav', 'index', 'master', 'e', '3160', '0', '', '页面导航_查询', 'int16_t:cmd_id', '', '', '', '', '', '', '', '', '', '', '', '', '', '', '', '', '', '', '', '', '', '', '', '', '', '', '', '', '', '', '', '', '', ''), ('48', '48', 'Platform_Nav', 'platformNavList', 'master', 'json', '3160', '0', '', '页面导航_查询', 'int16_t:cmd_id', '', '', '', '', '', '', '', '', '', '', '', '', '', '', '', '', '', '', '', '', '', '', '', '', '', '', '', '', '', '', '', '', '', ''), ('49', '49', 'Platform_Nav', 'addPlatformNav', 'master', 'json', '3170', '0', '', '页面导航_新增', 'int16_t:cmd_id', '', '', '', '', '', '', '', '', '', '', '', '', '', '', '', '', '', '', '', '', '', '', '', '', '', '', '', '', '', '', '', '', '', ''), ('50', '50', 'Platform_Nav', 'manage', 'master', 'e', '3180', '0', '', '页面导航_修改', 'int16_t:cmd_id', '', '', '', '', '', '', '', '', '', '', '', '', '', '', '', '', '', '', '', '', '', '', '', '', '', '', '', '', '', '', '', '', '', ''), ('51', '51', 'Platform_Nav', 'editPlatformNav', 'master', 'json', '3180', '0', '', '页面导航_修改', 'int16_t:cmd_id', '', '', '', '', '', '', '', '', '', '', '', '', '', '', '', '', '', '', '', '', '', '', '', '', '', '', '', '', '', '', '', '', '', ''), ('52', '52', 'Platform_Nav', 'removeNav', 'master', 'json', '3190', '0', '', '页面导航_删除', 'int16_t:cmd_id', '', '', '', '', '', '', '', '', '', '', '', '', '', '', '', '', '', '', '', '', '', '', '', '', '', '', '', '', '', '', '', '', '', ''), ('62', '62', 'Rec_Position', 'index', 'master', 'e', '3200', '0', '', '推荐位_查询', 'int16_t:cmd_id', '', '', '', '', '', '', '', '', '', '', '', '', '', '', '', '', '', '', '', '', '', '', '', '', '', '', '', '', '', '', '', '', '', ''), ('63', '63', 'Rec_Position', 'recPositionList', 'master', 'json', '3200', '0', '', '推荐位_查询', 'int16_t:cmd_id', '', '', '', '', '', '', '', '', '', '', '', '', '', '', '', '', '', '', '', '', '', '', '', '', '', '', '', '', '', '', '', '', '', ''), ('64', '64', 'Rec_Position', 'addRecPosition', 'master', 'json', '3210', '0', '', '推荐位_新增', 'int16_t:cmd_id', '', '', '', '', '', '', '', '', '', '', '', '', '', '', '', '', '', '', '', '', '', '', '', '', '', '', '', '', '', '', '', '', '', ''), ('65', '65', 'Rec_Position', 'manage', 'master', 'e', '3220', '0', '', '推荐位_修改', 'int16_t:cmd_id', '', '', '', '', '', '', '', '', '', '', '', '', '', '', '', '', '', '', '', '', '', '', '', '', '', '', '', '', '', '', '', '', '', ''), ('66', '66', 'Rec_Position', 'editRecPosition', 'master', 'json', '3220', '0', '', '推荐位_修改', 'int16_t:cmd_id', '', '', '', '', '', '', '', '', '', '', '', '', '', '', '', '', '', '', '', '', '', '', '', '', '', '', '', '', '', '', '', '', '', ''), ('67', '67', 'Rec_Position', 'removePosition', 'master', 'json', '3230', '0', '', '推荐位_删除', 'int16_t:cmd_id', '', '', '', '', '', '', '', '', '', '', '', '', '', '', '', '', '', '', '', '', '', '', '', '', '', '', '', '', '', '', '', '', '', ''), ('77', '77', 'Config', 'district', 'master', 'e', '3240', '0', '', '地区设置_查询', 'int16_t:cmd_id', '', '', '', '', '', '', '', '', '', '', '', '', '', '', '', '', '', '', '', '', '', '', '', '', '', '', '', '', '', '', '', '', '', ''), ('78', '78', 'Category', 'lists', 'master', 'json', '3240', '0', '', '地区设置_查询', 'int16_t:cmd_id', '', '', '', '', '', '', '', '', '', '', '', '', '', '', '', '', '', '', '', '', '', '', '', '', '', '', '', '', '', '', '', '', '', ''), ('79', '79', 'Config', 'districtManage', 'master', 'e', '3250', '0', '', '地区设置_新增', 'int16_t:cmd_id', '', '', '', '', '', '', '', '', '', '', '', '', '', '', '', '', '', '', '', '', '', '', '', '', '', '', '', '', '', '', '', '', '', ''), ('80', '80', 'Base_District', 'addDistrict', 'master', 'json', '3250', '0', '', '地区设置_新增', 'int16_t:cmd_id', '', '', '', '', '', '', '', '', '', '', '', '', '', '', '', '', '', '', '', '', '', '', '', '', '', '', '', '', '', '', '', '', '', ''), ('81', '81', 'Base_District', 'editDistrict', 'master', 'json', '3260', '0', '', '地区设置_修改', 'int16_t:cmd_id', '', '', '', '', '', '', '', '', '', '', '', '', '', '', '', '', '', '', '', '', '', '', '', '', '', '', '', '', '', '', '', '', '', ''), ('82', '82', 'Base_District', 'remove', 'master', 'json', '3270', '0', '', '地区设置_删除', 'int16_t:cmd_id', '', '', '', '', '', '', '', '', '', '', '', '', '', '', '', '', '', '', '', '', '', '', '', '', '', '', '', '', '', '', '', '', '', ''), ('83', '83', 'Base_Cron', 'index', 'master', 'e', '3280', '0', '', '计划任务_查询', 'int16_t:cmd_id', '', '', '', '', '', '', '', '', '', '', '', '', '', '', '', '', '', '', '', '', '', '', '', '', '', '', '', '', '', '', '', '', '', ''), ('84', '84', 'Base_Cron', 'lists', 'master', 'json', '3280', '0', '', '计划任务_查询', 'int16_t:cmd_id', '', '', '', '', '', '', '', '', '', '', '', '', '', '', '', '', '', '', '', '', '', '', '', '', '', '', '', '', '', '', '', '', '', ''), ('85', '85', 'Base_Cron', 'manage', 'master', 'e', '3290', '0', '', '计划任务_新增', 'int16_t:cmd_id', '', '', '', '', '', '', '', '', '', '', '', '', '', '', '', '', '', '', '', '', '', '', '', '', '', '', '', '', '', '', '', '', '', ''), ('86', '86', 'Base_Cron', 'addBaseCron', 'master', 'json', '3290', '0', '', '计划任务_新增', 'int16_t:cmd_id', '', '', '', '', '', '', '', '', '', '', '', '', '', '', '', '', '', '', '', '', '', '', '', '', '', '', '', '', '', '', '', '', '', ''), ('87', '87', 'Base_Cron', 'editBaseCron', 'master', 'json', '3300', '0', '', '计划任务_修改', 'int16_t:cmd_id', '', '', '', '', '', '', '', '', '', '', '', '', '', '', '', '', '', '', '', '', '', '', '', '', '', '', '', '', '', '', '', '', '', ''), ('88', '88', 'Base_Cron', 'remove', 'master', 'json', '3310', '0', '', '计划任务_删除', 'int16_t:cmd_id', '', '', '', '', '', '', '', '', '', '', '', '', '', '', '', '', '', '', '', '', '', '', '', '', '', '', '', '', '', '', '', '', '', ''), ('89', '89', 'Goods_Cat', 'cat', 'master', 'e', '3320', '0', '', '商品分类_查询', 'int16_t:cmd_id', '', '', '', '', '', '', '', '', '', '', '', '', '', '', '', '', '', '', '', '', '', '', '', '', '', '', '', '', '', '', '', '', '', ''), ('90', '90', 'Category', 'lists', 'master', 'json', '3320', '0', '', '商品分类_查询', 'int16_t:cmd_id', '', '', '', '', '', '', '', '', '', '', '', '', '', '', '', '', '', '', '', '', '', '', '', '', '', '', '', '', '', '', '', '', '', ''), ('91', '91', 'Goods_Cat', 'manage', 'master', 'e', '3330', '0', '', '商品分类_新增', 'int16_t:cmd_id', '', '', '', '', '', '', '', '', '', '', '', '', '', '', '', '', '', '', '', '', '', '', '', '', '', '', '', '', '', '', '', '', '', ''), ('92', '92', 'Goods_Cat', 'add', 'master', 'json', '3330', '0', '', '商品分类_新增', 'int16_t:cmd_id', '', '', '', '', '', '', '', '', '', '', '', '', '', '', '', '', '', '', '', '', '', '', '', '', '', '', '', '', '', '', '', '', '', ''), ('93', '93', 'Goods_Cat', 'editGoodsCat', 'master', 'json', '3340', '0', '', '商品分类_修改', 'int16_t:cmd_id', '', '', '', '', '', '', '', '', '', '', '', '', '', '', '', '', '', '', '', '', '', '', '', '', '', '', '', '', '', '', '', '', '', ''), ('94', '94', 'Goods_Cat', 'removeCat', 'master', 'json', '3350', '0', '', '商品分类_删除', 'int16_t:cmd_id', '', '', '', '', '', '', '', '', '', '', '', '', '', '', '', '', '', '', '', '', '', '', '', '', '', '', '', '', '', '', '', '', '', ''), ('95', '95', 'Goods_Cat', 'listCatNav', 'master', 'e', '3360', '0', '', '商品分类导航', 'int16_t:cmd_id', '', '', '', '', '', '', '', '', '', '', '', '', '', '', '', '', '', '', '', '', '', '', '', '', '', '', '', '', '', '', '', '', '', ''), ('96', '96', 'Goods_Cat', 'editNav', 'master', 'json', '3360', '0', '', '商品分类导航修改', 'int16_t:cmd_id', '', '', '', '', '', '', '', '', '', '', '', '', '', '', '', '', '', '', '', '', '', '', '', '', '', '', '', '', '', '', '', '', '', ''), ('106', '106', 'Goods_Brand', 'brand', 'master', 'e', '3370', '0', '', '品牌管理_查询', 'int16_t:cmd_id', '', '', '', '', '', '', '', '', '', '', '', '', '', '', '', '', '', '', '', '', '', '', '', '', '', '', '', '', '', '', '', '', '', ''), ('107', '107', 'Goods_Brand', 'listBrand', 'master', 'json', '3370', '0', '', '品牌管理_查询', 'int16_t:cmd_id', '', '', '', '', '', '', '', '', '', '', '', '', '', '', '', '', '', '', '', '', '', '', '', '', '', '', '', '', '', '', '', '', '', ''), ('108', '108', 'Goods_Brand', 'brandmanage', 'master', 'e', '3380', '0', '', '品牌管理_新增', 'int16_t:cmd_id', '', '', '', '', '', '', '', '', '', '', '', '', '', '', '', '', '', '', '', '', '', '', '', '', '', '', '', '', '', '', '', '', '', ''), ('109', '109', 'Goods_Brand', 'add', 'master', 'json', '3380', '0', '', '品牌管理_新增', 'int16_t:cmd_id', '', '', '', '', '', '', '', '', '', '', '', '', '', '', '', '', '', '', '', '', '', '', '', '', '', '', '', '', '', '', '', '', '', ''), ('110', '110', 'Goods_Brand', 'edit', 'master', 'json', '3390', '0', '', '品牌管理_修改', 'int16_t:cmd_id', '', '', '', '', '', '', '', '', '', '', '', '', '', '', '', '', '', '', '', '', '', '', '', '', '', '', '', '', '', '', '', '', '', ''), ('111', '111', 'Goods_Brand', 'remove', 'master', 'json', '3400', '0', '', '品牌管理_删除', 'int16_t:cmd_id', '', '', '', '', '', '', '', '', '', '', '', '', '', '', '', '', '', '', '', '', '', '', '', '', '', '', '', '', '', '', '', '', '', ''), ('120', '120', 'Goods_Spec', 'spec', 'master', 'e', '3410', '0', '', '商品规格_查询', 'int16_t:cmd_id', '', '', '', '', '', '', '', '', '', '', '', '', '', '', '', '', '', '', '', '', '', '', '', '', '', '', '', '', '', '', '', '', '', ''), ('121', '121', 'Goods_Spec', 'lists', 'master', 'json', '3410', '0', '', '商品规格_查询', 'int16_t:cmd_id', '', '', '', '', '', '', '', '', '', '', '', '', '', '', '', '', '', '', '', '', '', '', '', '', '', '', '', '', '', '', '', '', '', ''), ('122', '122', 'Goods_Spec', 'manage', 'master', 'e', '3420', '0', '', '商品规格_新增', 'int16_t:cmd_id', '', '', '', '', '', '', '', '', '', '', '', '', '', '', '', '', '', '', '', '', '', '', '', '', '', '', '', '', '', '', '', '', '', ''), ('123', '123', 'Goods_Spec', 'addGoodsSpec', 'master', 'json', '3420', '0', '', '商品规格_新增', 'int16_t:cmd_id', '', '', '', '', '', '', '', '', '', '', '', '', '', '', '', '', '', '', '', '', '', '', '', '', '', '', '', '', '', '', '', '', '', ''), ('124', '124', 'Goods_Spec', 'editGoodsSpec', 'master', 'json', '3430', '0', '', '商品规格_修改', 'int16_t:cmd_id', '', '', '', '', '', '', '', '', '', '', '', '', '', '', '', '', '', '', '', '', '', '', '', '', '', '', '', '', '', '', '', '', '', ''), ('125', '125', 'Goods_Spec', 'remove', 'master', 'json', '3440', '0', '', '商品规格_删除', 'int16_t:cmd_id', '', '', '', '', '', '', '', '', '', '', '', '', '', '', '', '', '', '', '', '', '', '', '', '', '', '', '', '', '', '', '', '', '', ''), ('126', '126', 'Config', 'promotion', 'master', 'e', '3700', '0', '', '促销设定_查看', 'int16_t:cmd_id', '', '', '', '', '', '', '', '', '', '', '', '', '', '', '', '', '', '', '', '', '', '', '', '', '', '', '', '', '', '', '', '', '', ''), ('127', '127', 'Config', 'edit', 'master', 'json', '3710', '0', '', '促销设定_修改', 'int16_t:cmd_id', '', '', '', '', '', '', '', '', '', '', '', '', '', '', '', '', '', '', '', '', '', '', '', '', '', '', '', '', '', '', '', '', '', ''), ('128', '128', 'Promotion_GroupBuy', 'index', 'master', 'e', '3720', '0', '', '团购活动_查看', 'int16_t:cmd_id', '', '', '', '', '', '', '', '', '', '', '', '', '', '', '', '', '', '', '', '', '', '', '', '', '', '', '', '', '', '', '', '', '', ''), ('129', '129', 'Promotion_GroupBuy', 'getGroupBuyGoodsList', 'master', 'json', '3720', '0', '', '团购活动_查看', 'int16_t:cmd_id', '', '', '', '', '', '', '', '', '', '', '', '', '', '', '', '', '', '', '', '', '', '', '', '', '', '', '', '', '', '', '', '', '', ''), ('130', '130', 'Promotion_GroupBuy', 'groupbuyManage', 'master', 'e', '3730', '0', '', '团购活动_编辑', 'int16_t:cmd_id', '', '', '', '', '', '', '', '', '', '', '', '', '', '', '', '', '', '', '', '', '', '', '', '', '', '', '', '', '', '', '', '', '', ''), ('131', '131', 'Promotion_GroupBuy', 'editGroupBuy', 'master', 'json', '3730', '0', '', '团购活动_编辑', 'int16_t:cmd_id', '', '', '', '', '', '', '', '', '', '', '', '', '', '', '', '', '', '', '', '', '', '', '', '', '', '', '', '', '', '', '', '', '', ''), ('132', '132', 'Promotion_GroupBuy', 'removeGroupBuyGoods', 'master', 'json', '3740', '0', '', '团购活动_删除', 'int16_t:cmd_id', '', '', '', '', '', '', '', '', '', '', '', '', '', '', '', '', '', '', '', '', '', '', '', '', '', '', '', '', '', '', '', '', '', ''), ('133', '133', 'Promotion_GroupBuy', 'index', 'master', 'e', '3750', '0', '', '套餐管理_查看', 'int16_t:cmd_id', '', '', '', '', '', '', '', '', '', '', '', '', '', '', '', '', '', '', '', '', '', '', '', '', '', '', '', '', '', '', '', '', '', ''), ('134', '134', 'Promotion_GroupBuy', 'getGroupBuyGoodsList', 'master', 'json', '3750', '0', '', '套餐管理_查看', 'int16_t:cmd_id', '', '', '', '', '', '', '', '', '', '', '', '', '', '', '', '', '', '', '', '', '', '', '', '', '', '', '', '', '', '', '', '', '', ''), ('135', '135', 'Promotion_GroupBuy', 'cat', 'master', 'e', '3760', '0', '', '团购分类_查看', 'int16_t:cmd_id', '', '', '', '', '', '', '', '', '', '', '', '', '', '', '', '', '', '', '', '', '', '', '', '', '', '', '', '', '', '', '', '', '', ''), ('136', '136', 'Promotion_GroupBuy', 'getCat', 'master', 'json', '3760', '0', '', '团购分类_查看', 'int16_t:cmd_id', '', '', '', '', '', '', '', '', '', '', '', '', '', '', '', '', '', '', '', '', '', '', '', '', '', '', '', '', '', '', '', '', '', ''), ('137', '137', 'Promotion_GroupBuy', 'catManage', 'master', 'e', '3770', '0', '', '团购分类_新增', 'int16_t:cmd_id', '', '', '', '', '', '', '', '', '', '', '', '', '', '', '', '', '', '', '', '', '', '', '', '', '', '', '', '', '', '', '', '', '', ''), ('138', '138', 'Promotion_GroupBuy', 'addCat', 'master', 'json', '3770', '0', '', '团购分类_新增', 'int16_t:cmd_id', '', '', '', '', '', '', '', '', '', '', '', '', '', '', '', '', '', '', '', '', '', '', '', '', '', '', '', '', '', '', '', '', '', ''), ('139', '139', 'Promotion_GroupBuy', 'editCat', 'master', 'json', '3780', '0', '', '团购分类_编辑', 'int16_t:cmd_id', '', '', '', '', '', '', '', '', '', '', '', '', '', '', '', '', '', '', '', '', '', '', '', '', '', '', '', '', '', '', '', '', '', ''), ('140', '140', 'Promotion_GroupBuy', 'removeGroupBuyCat', 'master', 'json', '3790', '0', '', '团购分类_删除', 'int16_t:cmd_id', '', '', '', '', '', '', '', '', '', '', '', '', '', '', '', '', '', '', '', '', '', '', '', '', '', '', '', '', '', '', '', '', '', ''), ('141', '141', 'Promotion_GroupBuy', 'price', 'master', 'e', '3800', '0', '', '团购价格区间_查看', 'int16_t:cmd_id', '', '', '', '', '', '', '', '', '', '', '', '', '', '', '', '', '', '', '', '', '', '', '', '', '', '', '', '', '', '', '', '', '', ''), ('142', '142', 'Promotion_GroupBuy', 'getPriceRangeList', 'master', 'json', '3800', '0', '', '团购价格区间_查看', 'int16_t:cmd_id', '', '', '', '', '', '', '', '', '', '', '', '', '', '', '', '', '', '', '', '', '', '', '', '', '', '', '', '', '', '', '', '', '', ''), ('143', '143', 'Promotion_GroupBuy', 'priceRangeManage', 'master', 'e', '3810', '0', '', '团购价格区间_新增', 'int16_t:cmd_id', '', '', '', '', '', '', '', '', '', '', '', '', '', '', '', '', '', '', '', '', '', '', '', '', '', '', '', '', '', '', '', '', '', ''), ('144', '144', 'Promotion_GroupBuy', 'addPriceRange', 'master', 'json', '3810', '0', '', '团购价格区间_新增', 'int16_t:cmd_id', '', '', '', '', '', '', '', '', '', '', '', '', '', '', '', '', '', '', '', '', '', '', '', '', '', '', '', '', '', '', '', '', '', ''), ('145', '145', 'Promotion_GroupBuy', 'editPriceRange', 'master', 'json', '3820', '0', '', '团购价格区间_编辑', 'int16_t:cmd_id', '', '', '', '', '', '', '', '', '', '', '', '', '', '', '', '', '', '', '', '', '', '', '', '', '', '', '', '', '', '', '', '', '', ''), ('146', '146', 'Promotion_GroupBuy', 'removePriceRange', 'master', 'json', '3830', '0', '', '团购价格区间_删除', 'int16_t:cmd_id', '', '', '', '', '', '', '', '', '', '', '', '', '', '', '', '', '', '', '', '', '', '', '', '', '', '', '', '', '', '', '', '', '', ''), ('147', '147', 'Config', 'groupbuy', 'master', 'e', '3840', '0', '', '设置_查看', 'int16_t:cmd_id', '', '', '', '', '', '', '', '', '', '', '', '', '', '', '', '', '', '', '', '', '', '', '', '', '', '', '', '', '', '', '', '', '', ''), ('148', '148', 'Config', 'edit', 'master', 'json', '3850', '0', '', '设置_编辑', 'int16_t:cmd_id', '', '', '', '', '', '', '', '', '', '', '', '', '', '', '', '', '', '', '', '', '', '', '', '', '', '', '', '', '', '', '', '', '', ''), ('149', '149', 'Promotion_GroupBuy', 'slider', 'master', 'e', '3860', '0', '', '幻灯片_查看', 'int16_t:cmd_id', '', '', '', '', '', '', '', '', '', '', '', '', '', '', '', '', '', '', '', '', '', '', '', '', '', '', '', '', '', '', '', '', '', ''), ('150', '150', 'Promotion_GroupBuy', 'vr_cat', 'master', 'e', '3870', '0', '', '分类管理_查看', 'int16_t:cmd_id', '', '', '', '', '', '', '', '', '', '', '', '', '', '', '', '', '', '', '', '', '', '', '', '', '', '', '', '', '', '', '', '', '', ''), ('151', '151', 'Promotion_GroupBuy', 'getGroupBuyCatList', 'master', 'json', '3870', '0', '', '分类管理_查看', 'int16_t:cmd_id', '', '', '', '', '', '', '', '', '', '', '', '', '', '', '', '', '', '', '', '', '', '', '', '', '', '', '', '', '', '', '', '', '', ''), ('152', '152', 'Promotion_GroupBuy', 'actGiftManage', 'master', 'e', '3890', '0', '', '分类管理_编辑', 'int16_t:cmd_id', '', '', '', '', '', '', '', '', '', '', '', '', '', '', '', '', '', '', '', '', '', '', '', '', '', '', '', '', '', '', '', '', '', ''), ('153', '153', 'Promotion_GroupBuy', 'removeGroupBuyCat', 'master', 'json', '3900', '0', '', '分类管理_删除', 'int16_t:cmd_id', '', '', '', '', '', '', '', '', '', '', '', '', '', '', '', '', '', '', '', '', '', '', '', '', '', '', '', '', '', '', '', '', '', ''), ('154', '154', 'Promotion_GroupBuy', 'vr_area', 'master', 'e', '3910', '0', '', '区域设置_查看', 'int16_t:cmd_id', '', '', '', '', '', '', '', '', '', '', '', '', '', '', '', '', '', '', '', '', '', '', '', '', '', '', '', '', '', '', '', '', '', ''), ('155', '155', 'Promotion_ActIncrease', 'increaseList', 'master', 'e', '3950', '0', '', '活动列表_查看', 'int16_t:cmd_id', '', '', '', '', '', '', '', '', '', '', '', '', '', '', '', '', '', '', '', '', '', '', '', '', '', '', '', '', '', '', '', '', '', ''), ('156', '156', 'Promotion_ActIncrease', 'getIncreaseList', 'master', 'json', '3950', '0', '', '活动列表_查看', 'int16_t:cmd_id', '', '', '', '', '', '', '', '', '', '', '', '', '', '', '', '', '', '', '', '', '', '', '', '', '', '', '', '', '', '', '', '', '', ''), ('157', '157', 'Promotion_ActIncrease', 'getIncreaseInfo', 'master', 'e', '3950', '0', '', '活动列表_查看', 'int16_t:cmd_id', '', '', '', '', '', '', '', '', '', '', '', '', '', '', '', '', '', '', '', '', '', '', '', '', '', '', '', '', '', '', '', '', '', ''), ('158', '158', 'Promotion_ActIncrease', 'removeIncrease', 'master', 'json', '3980', '0', '', '活动列表_删除', 'int16_t:cmd_id', '', '', '', '', '', '', '', '', '', '', '', '', '', '', '', '', '', '', '', '', '', '', '', '', '', '', '', '', '', '', '', '', '', ''), ('159', '159', 'Promotion_Discount', 'discountList', 'master', 'e', '3990', '0', '', '活动列表_查询', 'int16_t:cmd_id', '', '', '', '', '', '', '', '', '', '', '', '', '', '', '', '', '', '', '', '', '', '', '', '', '', '', '', '', '', '', '', '', '', ''), ('160', '160', 'Promotion_Discount', 'getDiscountList', 'master', 'json', '3990', '0', '', '活动列表_查询', 'int16_t:cmd_id', '', '', '', '', '', '', '', '', '', '', '', '', '', '', '', '', '', '', '', '', '', '', '', '', '', '', '', '', '', '', '', '', '', ''), ('161', '161', 'Promotion_Discount', 'getDiscountGoodsList', 'master', 'e', '3990', '0', '', '活动列表_查询', 'int16_t:cmd_id', '', '', '', '', '', '', '', '', '', '', '', '', '', '', '', '', '', '', '', '', '', '', '', '', '', '', '', '', '', '', '', '', '', ''), ('162', '162', 'Promotion_Discount', 'getDiscountGoodsListById', 'master', 'json', '3990', '0', '', '活动列表_查询', 'int16_t:cmd_id', '', '', '', '', '', '', '', '', '', '', '', '', '', '', '', '', '', '', '', '', '', '', '', '', '', '', '', '', '', '', '', '', '', ''), ('163', '163', 'Promotion_Discount', 'removeDiscountActivity', 'master', 'json', '4010', '0', '', '活动列表_删除', 'int16_t:cmd_id', '', '', '', '', '', '', '', '', '', '', '', '', '', '', '', '', '', '', '', '', '', '', '', '', '', '', '', '', '', '', '', '', '', ''), ('164', '164', 'Promotion_Discount', 'discountQuota', 'master', 'e', '4030', '0', '', '套餐管理_查询', 'int16_t:cmd_id', '', '', '', '', '', '', '', '', '', '', '', '', '', '', '', '', '', '', '', '', '', '', '', '', '', '', '', '', '', '', '', '', '', ''), ('165', '165', 'Promotion_Discount', 'getPackageList', 'master', 'json', '4030', '0', '', '套餐管理_查询', 'int16_t:cmd_id', '', '', '', '', '', '', '', '', '', '', '', '', '', '', '', '', '', '', '', '', '', '', '', '', '', '', '', '', '', '', '', '', '', ''), ('166', '166', 'Config', 'discount', 'master', 'e', '4070', '0', '', '设置', 'int16_t:cmd_id', '', '', '', '', '', '', '', '', '', '', '', '', '', '', '', '', '', '', '', '', '', '', '', '', '', '', '', '', '', '', '', '', '', ''), ('167', '167', 'Promotion_ActGift', 'index', 'master', 'e', '4080', '0', '', '活动列表_查看', 'int16_t:cmd_id', '', '', '', '', '', '', '', '', '', '', '', '', '', '', '', '', '', '', '', '', '', '', '', '', '', '', '', '', '', '', '', '', '', ''), ('168', '168', 'Promotion_ActGift', 'getManSongList', 'master', 'json', '4080', '0', '', '活动列表_查询', 'int16_t:cmd_id', '', '', '', '', '', '', '', '', '', '', '', '', '', '', '', '', '', '', '', '', '', '', '', '', '', '', '', '', '', '', '', '', '', ''), ('169', '169', 'Promotion_ActGift', 'getManSongInfo', 'master', 'e', '4080', '0', '', '活动列表_查询', 'int16_t:cmd_id', '', '', '', '', '', '', '', '', '', '', '', '', '', '', '', '', '', '', '', '', '', '', '', '', '', '', '', '', '', '', '', '', '', ''), ('170', '170', 'Promotion_ActGift', 'removeManSongActivity', 'master', 'json', '4110', '0', '', '活动列表_删除', 'int16_t:cmd_id', '', '', '', '', '', '', '', '', '', '', '', '', '', '', '', '', '', '', '', '', '', '', '', '', '', '', '', '', '', '', '', '', '', ''), ('171', '171', 'Promotion_ActGift', 'actGiftQuota', 'master', 'e', '4120', '0', '', '套餐管理_查看', 'int16_t:cmd_id', '', '', '', '', '', '', '', '', '', '', '', '', '', '', '', '', '', '', '', '', '', '', '', '', '', '', '', '', '', '', '', '', '', ''), ('172', '172', 'Promotion_ActGift', 'getManSongQuotaList', 'master', 'json', '4120', '0', '', '套餐管理_查看', 'int16_t:cmd_id', '', '', '', '', '', '', '', '', '', '', '', '', '', '', '', '', '', '', '', '', '', '', '', '', '', '', '', '', '', '', '', '', '', ''), ('173', '173', 'Config', 'mansong', 'master', 'e', '4130', '0', '', '设置', 'int16_t:cmd_id', '', '', '', '', '', '', '', '', '', '', '', '', '', '', '', '', '', '', '', '', '', '', '', '', '', '', '', '', '', '', '', '', '', ''), ('174', '174', 'Promotion_Points', 'goods', 'master', 'e', '4140', '0', '', '礼品列表_查询', 'int16_t:cmd_id', '', '', '', '', '', '', '', '', '', '', '', '', '', '', '', '', '', '', '', '', '', '', '', '', '', '', '', '', '', '', '', '', '', ''), ('175', '175', 'Promotion_Points', 'getPointsGoodsList', 'master', 'json', '4140', '0', '', '礼品列表查询', 'int16_t:cmd_id', '', '', '', '', '', '', '', '', '', '', '', '', '', '', '', '', '', '', '', '', '', '', '', '', '', '', '', '', '', '', '', '', '', ''), ('176', '176', 'Promotion_Points', 'managePointsGoods', 'master', 'e', '4150', '0', '', '礼品列表_添加', 'int16_t:cmd_id', '', '', '', '', '', '', '', '', '', '', '', '', '', '', '', '', '', '', '', '', '', '', '', '', '', '', '', '', '', '', '', '', '', ''), ('177', '177', 'Promotion_Points', 'addPointsGoods', 'master', 'json', '4150', '0', '', '礼品列表_添加', 'int16_t:cmd_id', '', '', '', '', '', '', '', '', '', '', '', '', '', '', '', '', '', '', '', '', '', '', '', '', '', '', '', '', '', '', '', '', '', ''), ('178', '178', 'Promotion_Points', 'order', 'master', 'e', '4180', '0', '', '兑换列表_查询', 'int16_t:cmd_id', '', '', '', '', '', '', '', '', '', '', '', '', '', '', '', '', '', '', '', '', '', '', '', '', '', '', '', '', '', '', '', '', '', ''), ('179', '179', 'Promotion_Points', 'getPointsOrderList', 'master', 'json', '4180', '0', '', '兑换列表_查询', 'int16_t:cmd_id', '', '', '', '', '', '', '', '', '', '', '', '', '', '', '', '', '', '', '', '', '', '', '', '', '', '', '', '', '', '', '', '', '', ''), ('180', '180', 'Promotion_Points', 'getPointsOrderInfo', 'master', 'e', '4180', '0', '', '兑换列表_查询', 'int16_t:cmd_id', '', '', '', '', '', '', '', '', '', '', '', '', '', '', '', '', '', '', '', '', '', '', '', '', '', '', '', '', '', '', '', '', '', ''), ('181', '181', 'Promotion_Points', 'deliver', 'master', 'e', '4220', '0', '', '兑换列表，发货', 'int16_t:cmd_id', '', '', '', '', '', '', '', '', '', '', '', '', '', '', '', '', '', '', '', '', '', '', '', '', '', '', '', '', '', '', '', '', '', ''), ('182', '182', 'Promotion_Voucher', 'get', 'master', 'e', '4230', '0', '', '店铺代金券_查询', 'int16_t:cmd_id', '', '', '', '', '', '', '', '', '', '', '', '', '', '', '', '', '', '', '', '', '', '', '', '', '', '', '', '', '', '', '', '', '', ''), ('183', '183', 'Promotion_Voucher', 'getVoucherTempList', 'master', 'json', '4230', '0', '', '店铺代金券_查询', 'int16_t:cmd_id', '', '', '', '', '', '', '', '', '', '', '', '', '', '', '', '', '', '', '', '', '', '', '', '', '', '', '', '', '', '', '', '', '', ''), ('184', '184', 'Promotion_Voucher', 'getVoucherTempInfo', 'master', 'e', '4250', '0', '', '店铺代金券_编辑', 'int16_t:cmd_id', '', '', '', '', '', '', '', '', '', '', '', '', '', '', '', '', '', '', '', '', '', '', '', '', '', '', '', '', '', '', '', '', '', ''), ('185', '185', 'Promotion_Voucher', 'editVoucherTempInfo', 'master', 'json', '4250', '0', '', '店铺代金券_编辑', 'int16_t:cmd_id', '', '', '', '', '', '', '', '', '', '', '', '', '', '', '', '', '', '', '', '', '', '', '', '', '', '', '', '', '', '', '', '', '', ''), ('186', '186', 'Promotion_Voucher', 'quota', 'master', 'e', '4270', '0', '', '套餐管理_查看', 'int16_t:cmd_id', '', '', '', '', '', '', '', '', '', '', '', '', '', '', '', '', '', '', '', '', '', '', '', '', '', '', '', '', '', '', '', '', '', ''), ('187', '187', 'Promotion_Voucher', 'getQuotaList', 'master', 'json', '4270', '0', '', '套餐管理_查看', 'int16_t:cmd_id', '', '', '', '', '', '', '', '', '', '', '', '', '', '', '', '', '', '', '', '', '', '', '', '', '', '', '', '', '', '', '', '', '', ''), ('188', '188', 'Promotion_Voucher', 'price', 'master', 'e', '4280', '0', '', '面额设置_查看', 'int16_t:cmd_id', '', '', '', '', '', '', '', '', '', '', '', '', '', '', '', '', '', '', '', '', '', '', '', '', '', '', '', '', '', '', '', '', '', ''), ('189', '189', 'Promotion_Voucher', 'getPriceList', 'master', 'json', '4280', '0', '', '面额设置_查看', 'int16_t:cmd_id', '', '', '', '', '', '', '', '', '', '', '', '', '', '', '', '', '', '', '', '', '', '', '', '', '', '', '', '', '', '', '', '', '', ''), ('190', '190', 'Promotion_Voucher', 'priceManage', 'master', 'e', '4300', '0', '', '面额设置_新增', 'int16_t:cmd_id', '', '', '', '', '', '', '', '', '', '', '', '', '', '', '', '', '', '', '', '', '', '', '', '', '', '', '', '', '', '', '', '', '', ''), ('191', '191', 'Promotion_Voucher', 'checkVoucherPrice', 'master', 'json', '4320', '0', '', '面额设置_检查', 'int16_t:cmd_id', '', '', '', '', '', '', '', '', '', '', '', '', '', '', '', '', '', '', '', '', '', '', '', '', '', '', '', '', '', '', '', '', '', ''), ('192', '192', 'Promotion_Voucher', 'addVoucherPrice', 'master', 'json', '4300', '0', '', '面额设置_新增', 'int16_t:cmd_id', '', '', '', '', '', '', '', '', '', '', '', '', '', '', '', '', '', '', '', '', '', '', '', '', '', '', '', '', '', '', '', '', '', ''), ('193', '193', 'Promotion_Voucher', 'editVoucherPrice', 'master', 'json', '4290', '0', '', '面额设置_编辑', 'int16_t:cmd_id', '', '', '', '', '', '', '', '', '', '', '', '', '', '', '', '', '', '', '', '', '', '', '', '', '', '', '', '', '', '', '', '', '', ''), ('194', '194', 'Promotion_Voucher', 'priceRemove', 'master', 'json', '4310', '0', '', '面额设置_删除', 'int16_t:cmd_id', '', '', '', '', '', '', '', '', '', '', '', '', '', '', '', '', '', '', '', '', '', '', '', '', '', '', '', '', '', '', '', '', '', ''), ('195', '195', 'Config', 'voucher', 'master', 'e', '4330', '0', '', '设置', 'int16_t:cmd_id', '', '', '', '', '', '', '', '', '', '', '', '', '', '', '', '', '', '', '', '', '', '', '', '', '', '', '', '', '', '', '', '', '', ''), ('196', '196', 'Trade_Complain', 'complain', 'master', 'e', '4340', '0', '', '查看', 'int16_t:cmd_id', '', '', '', '', '', '', '', '', '', '', '', '', '', '', '', '', '', '', '', '', '', '', '', '', '', '', '', '', '', '', '', '', '', ''), ('197', '197', 'Trade_Complain', 'getComplainList', 'master', 'json', '4340', '0', '', '查看', 'int16_t:cmd_id', '', '', '', '', '', '', '', '', '', '', '', '', '', '', '', '', '', '', '', '', '', '', '', '', '', '', '', '', '', '', '', '', '', ''), ('198', '198', 'Trade_Complain', 'getComplainInfo', 'master', 'e', '4350', '0', '', '编辑', 'int16_t:cmd_id', '', '', '', '', '', '', '', '', '', '', '', '', '', '', '', '', '', '', '', '', '', '', '', '', '', '', '', '', '', '', '', '', '', ''), ('199', '199', 'Trade_Complain', 'getComplainTalk', 'master', 'json', '4350', '0', '', '编辑', 'int16_t:cmd_id', '', '', '', '', '', '', '', '', '', '', '', '', '', '', '', '', '', '', '', '', '', '', '', '', '', '', '', '', '', '', '', '', '', ''), ('200', '200', 'Trade_Complain', 'handleComplain', 'master', 'json', '4370', '0', '', '关闭', 'int16_t:cmd_id', '', '', '', '', '', '', '', '', '', '', '', '', '', '', '', '', '', '', '', '', '', '', '', '', '', '', '', '', '', '', '', '', '', ''), ('201', '201', 'Trade_Complain', 'verifyComplain', 'master', 'json', '4360', '0', '', '审核', 'int16_t:cmd_id', '', '', '', '', '', '', '', '', '', '', '', '', '', '', '', '', '', '', '', '', '', '', '', '', '', '', '', '', '', '', '', '', '', ''), ('202', '202', 'Trade_Complain', 'subject', 'master', 'e', '4380', '0', '', '主题设置_查看', 'int16_t:cmd_id', '', '', '', '', '', '', '', '', '', '', '', '', '', '', '', '', '', '', '', '', '', '', '', '', '', '', '', '', '', '', '', '', '', ''), ('203', '203', 'Trade_Complain', 'getComplainSubjectList', 'master', 'json', '4380', '0', '', '主题设置_查看', 'int16_t:cmd_id', '', '', '', '', '', '', '', '', '', '', '', '', '', '', '', '', '', '', '', '', '', '', '', '', '', '', '', '', '', '', '', '', '', ''), ('204', '204', 'Trade_Complain', 'subject_manage', 'master', 'e', '4400', '0', '', '主题设置_新增', 'int16_t:cmd_id', '', '', '', '', '', '', '', '', '', '', '', '', '', '', '', '', '', '', '', '', '', '', '', '', '', '', '', '', '', '', '', '', '', ''), ('205', '205', 'Trade_Complain', 'addComplainSubject', 'master', 'json', '4400', '0', '', '主题设置_新增', 'int16_t:cmd_id', '', '', '', '', '', '', '', '', '', '', '', '', '', '', '', '', '', '', '', '', '', '', '', '', '', '', '', '', '', '', '', '', '', ''), ('206', '206', 'Trade_Complain', 'delComplainSubjectById', 'master', 'json', '4410', '0', '', '主题设置_删除', 'int16_t:cmd_id', '', '', '', '', '', '', '', '', '', '', '', '', '', '', '', '', '', '', '', '', '', '', '', '', '', '', '', '', '', '', '', '', '', ''), ('207', '207', 'Trade_Complain', 'setting', 'master', 'e', '4420', '0', '', '设置', 'int16_t:cmd_id', '', '', '', '', '', '', '', '', '', '', '', '', '', '', '', '', '', '', '', '', '', '', '', '', '', '', '', '', '', '', '', '', '', ''), ('500', '500', 'Config', 'shop', 'master', 'e', '5000', '0', '', '商城设置_查询', 'int16_t:cmd_id', '', '', '', '', '', '', '', '', '', '', '', '', '', '', '', '', '', '', '', '', '', '', '', '', '', '', '', '', '', '', '', '', '', ''), ('501', '501', 'Config', 'edit', 'master', 'json', '5010', '0', '', '商城设置_编辑', 'int16_t:cmd_id', '', '', '', '', '', '', '', '', '', '', '', '', '', '', '', '', '', '', '', '', '', '', '', '', '', '', '', '', '', '', '', '', '', ''), ('502', '502', 'Config', 'dumps', 'master', 'e', '5020', '0', '', '防灌水设置_查询', 'int16_t:cmd_id', '', '', '', '', '', '', '', '', '', '', '', '', '', '', '', '', '', '', '', '', '', '', '', '', '', '', '', '', '', '', '', '', '', ''), ('503', '503', 'Config', 'edit', 'master', 'json', '5030', '0', '', '防灌水设置_编辑', 'int16_t:cmd_id', '', '', '', '', '', '', '', '', '', '', '', '', '', '', '', '', '', '', '', '', '', '', '', '', '', '', '', '', '', '', '', '', '', ''), ('504', '504', 'Config', 'photo', 'master', 'e', '5040', '0', '', '默认图片_查询', 'int16_t:cmd_id', '', '', '', '', '', '', '', '', '', '', '', '', '', '', '', '', '', '', '', '', '', '', '', '', '', '', '', '', '', '', '', '', '', ''), ('505', '505', 'Config', 'edit', 'master', 'json', '5050', '0', '', '默认图片_编辑', 'int16_t:cmd_id', '', '', '', '', '', '', '', '', '', '', '', '', '', '', '', '', '', '', '', '', '', '', '', '', '', '', '', '', '', '', '', '', '', ''), ('506', '506', 'Config', 'photo', 'master', 'e', '5060', '0', '', '水印字体-查询', 'int16_t:cmd_id', '', '', '', '', '', '', '', '', '', '', '', '', '', '', '', '', '', '', '', '', '', '', '', '', '', '', '', '', '', '', '', '', '', ''), ('507', '507', 'Config', 'edit', 'master', 'json', '5070', '0', '', '水印字体-编辑', 'int16_t:cmd_id', '', '', '', '', '', '', '', '', '', '', '', '', '', '', '', '', '', '', '', '', '', '', '', '', '', '', '', '', '', '', '', '', '', ''), ('508', '508', 'Config', 'search', 'master', 'e', '5080', '0', '', '默认搜索_查询', 'int16_t:cmd_id', '', '', '', '', '', '', '', '', '', '', '', '', '', '', '', '', '', '', '', '', '', '', '', '', '', '', '', '', '', '', '', '', '', ''), ('509', '509', 'Config', 'edit', 'master', 'json', '5090', '0', '', '默认搜索_编辑', 'int16_t:cmd_id', '', '', '', '', '', '', '', '', '', '', '', '', '', '', '', '', '', '', '', '', '', '', '', '', '', '', '', '', '', '', '', '', '', ''), ('510', '510', 'Base_Search', 'search', 'master', 'e', '5100', '0', '', '热门搜索_查询', 'int16_t:cmd_id', '', '', '', '', '', '', '', '', '', '', '', '', '', '', '', '', '', '', '', '', '', '', '', '', '', '', '', '', '', '', '', '', '', ''), ('511', '511', 'Base_Search', 'getSearchList', 'master', 'json', '5100', '0', '', '热门搜索_查询', 'int16_t:cmd_id', '', '', '', '', '', '', '', '', '', '', '', '', '', '', '', '', '', '', '', '', '', '', '', '', '', '', '', '', '', '', '', '', '', ''), ('512', '512', 'Base_Search', 'manage', 'master', 'e', '5110', '0', '', '热门搜索_增加', 'int16_t:cmd_id', '', '', '', '', '', '', '', '', '', '', '', '', '', '', '', '', '', '', '', '', '', '', '', '', '', '', '', '', '', '', '', '', '', ''), ('513', '513', 'Base_Search', 'get', 'master', 'json', '5110', '0', '', '热门搜索_增加', 'int16_t:cmd_id', '', '', '', '', '', '', '', '', '', '', '', '', '', '', '', '', '', '', '', '', '', '', '', '', '', '', '', '', '', '', '', '', '', ''), ('514', '514', 'Base_Search', 'add', 'master', 'json', '5110', '0', '', '热门搜索_增加', 'int16_t:cmd_id', '', '', '', '', '', '', '', '', '', '', '', '', '', '', '', '', '', '', '', '', '', '', '', '', '', '', '', '', '', '', '', '', '', ''), ('515', '515', 'Base_Search', 'edit', 'master', 'json', '5120', '0', '', '热门搜索_编辑', 'int16_t:cmd_id', '', '', '', '', '', '', '', '', '', '', '', '', '', '', '', '', '', '', '', '', '', '', '', '', '', '', '', '', '', '', '', '', '', ''), ('516', '516', 'Base_Search', 'del', 'master', 'json', '5130', '0', '', '热门搜索_删除', 'int16_t:cmd_id', '', '', '', '', '', '', '', '', '', '', '', '', '', '', '', '', '', '', '', '', '', '', '', '', '', '', '', '', '', '', '', '', '', ''), ('518', '518', 'Config', 'seo', 'master', 'e', '5140', '0', '', 'seo首页_查询', 'int16_t:cmd_id', '', '', '', '', '', '', '', '', '', '', '', '', '', '', '', '', '', '', '', '', '', '', '', '', '', '', '', '', '', '', '', '', '', ''), ('519', '519', 'Config', 'edit', 'master', 'json', '5150', '0', '', 'seo首页_编辑', 'int16_t:cmd_id', '', '', '', '', '', '', '', '', '', '', '', '', '', '', '', '', '', '', '', '', '', '', '', '', '', '', '', '', '', '', '', '', '', ''), ('520', '520', 'News_Message', 'template', 'master', 'e', '5160', '0', '', '消息模板_查询', 'int16_t:cmd_id', '', '', '', '', '', '', '', '', '', '', '', '', '', '', '', '', '', '', '', '', '', '', '', '', '', '', '', '', '', '', '', '', '', ''), ('521', '521', 'News_Message', 'getMessageList', 'master', 'json', '5160', '0', '', '消息模板_查询', 'int16_t:cmd_id', '', '', '', '', '', '', '', '', '', '', '', '', '', '', '', '', '', '', '', '', '', '', '', '', '', '', '', '', '', '', '', '', '', ''), ('522', '522', 'News_Message', 'getTemplateInfo', 'master', 'e', '5170', '0', '', '消息模板_编辑', 'int16_t:cmd_id', '', '', '', '', '', '', '', '', '', '', '', '', '', '', '', '', '', '', '', '', '', '', '', '', '', '', '', '', '', '', '', '', '', ''), ('523', '523', 'News_Message', 'editTemplateMail', 'master', 'json', '5170', '0', '', '站内信_编辑', 'int16_t:cmd_id', '', '', '', '', '', '', '', '', '', '', '', '', '', '', '', '', '', '', '', '', '', '', '', '', '', '', '', '', '', '', '', '', '', ''), ('524', '524', 'News_Message', 'editTemplatePhone', 'master', 'json', '5170', '0', '', '短信_编辑', 'int16_t:cmd_id', '', '', '', '', '', '', '', '', '', '', '', '', '', '', '', '', '', '', '', '', '', '', '', '', '', '', '', '', '', '', '', '', '', ''), ('525', '525', 'News_Message', 'editTemplateEmail', 'master', 'json', '5170', '0', '', '邮箱_编辑', 'int16_t:cmd_id', '', '', '', '', '', '', '', '', '', '', '', '', '', '', '', '', '', '', '', '', '', '', '', '', '', '', '', '', '', '', '', '', '', ''), ('526', '526', 'Logistics_Express', 'express', 'master', 'e', '5180', '0', '', '快递公司_查询', 'int16_t:cmd_id', '', '', '', '', '', '', '', '', '', '', '', '', '', '', '', '', '', '', '', '', '', '', '', '', '', '', '', '', '', '', '', '', '', ''), ('527', '527', 'Logistics_Express', 'getExpressList', 'master', 'json', '5180', '0', '', '快递公司_查询', 'int16_t:cmd_id', '', '', '', '', '', '', '', '', '', '', '', '', '', '', '', '', '', '', '', '', '', '', '', '', '', '', '', '', '', '', '', '', '', ''), ('530', '530', 'Logistics_Express', 'manageExpress', 'master', 'e', '5190', '0', '', '快递公司_编辑', 'int16_t:cmd_id', '', '', '', '', '', '', '', '', '', '', '', '', '', '', '', '', '', '', '', '', '', '', '', '', '', '', '', '', '', '', '', '', '', ''), ('531', '531', 'Logistics_Express', 'editExpress', 'master', 'json', '5190', '0', '', '快递公司_编辑', 'int16_t:cmd_id', '', '', '', '', '', '', '', '', '', '', '', '', '', '', '', '', '', '', '', '', '', '', '', '', '', '', '', '', '', '', '', '', '', ''), ('532', '532', 'Logistics_Waybill', 'tpl', 'master', 'e', '5200', '0', '', '运单模板_查询', 'int16_t:cmd_id', '', '', '', '', '', '', '', '', '', '', '', '', '', '', '', '', '', '', '', '', '', '', '', '', '', '', '', '', '', '', '', '', '', ''), ('533', '533', 'Logistics_Waybill', 'getWaybillTplList', 'master', 'json', '5200', '0', '', '运单模板_查询', 'int16_t:cmd_id', '', '', '', '', '', '', '', '', '', '', '', '', '', '', '', '', '', '', '', '', '', '', '', '', '', '', '', '', '', '', '', '', '', ''), ('534', '534', 'Logistics_Waybill', 'addWaybillTpl', 'master', 'e', '5210', '0', '', '运单模板_增加', 'int16_t:cmd_id', '', '', '', '', '', '', '', '', '', '', '', '', '', '', '', '', '', '', '', '', '', '', '', '', '', '', '', '', '', '', '', '', '', ''), ('535', '535', 'Logistics_Waybill', 'addWaybillTplDetail', 'master', 'json', '5210', '0', '', '运单模板_增加', 'int16_t:cmd_id', '', '', '', '', '', '', '', '', '', '', '', '', '', '', '', '', '', '', '', '', '', '', '', '', '', '', '', '', '', '', '', '', '', ''), ('536', '536', 'Logistics_Waybill', 'editWaybillTpl', 'master', 'e', '5220', '0', '', '运单模板_编辑', 'int16_t:cmd_id', '', '', '', '', '', '', '', '', '', '', '', '', '', '', '', '', '', '', '', '', '', '', '', '', '', '', '', '', '', '', '', '', '', ''), ('537', '537', 'Logistics_Waybill', 'editWaybillTplDetail', 'master', 'json', '5220', '0', '', '运单模板_编辑', 'int16_t:cmd_id', '', '', '', '', '', '', '', '', '', '', '', '', '', '', '', '', '', '', '', '', '', '', '', '', '', '', '', '', '', '', '', '', '', ''), ('538', '538', 'Logistics_Waybill', 'delWaybillTpl', 'master', 'json', '5230', '0', '', '运单模板_删除', 'int16_t:cmd_id', '', '', '', '', '', '', '', '', '', '', '', '', '', '', '', '', '', '', '', '', '', '', '', '', '', '', '', '', '', '', '', '', '', ''), ('539', '539', 'User_Info', 'info', 'master', 'e', '5240', '0', '', '会员管理_查询', 'int16_t:cmd_id', '', '', '', '', '', '', '', '', '', '', '', '', '', '', '', '', '', '', '', '', '', '', '', '', '', '', '', '', '', '', '', '', '', ''), ('540', '540', 'User_Info', 'getInfoList', 'master', 'json', '5240', '0', '', '会员管理_查询', 'int16_t:cmd_id', '', '', '', '', '', '', '', '', '', '', '', '', '', '', '', '', '', '', '', '', '', '', '', '', '', '', '', '', '', '', '', '', '', ''), ('541', '541', 'User_Info', 'editInfo', 'master', 'e', '5250', '0', '', '会员管理_编辑', 'int16_t:cmd_id', '', '', '', '', '', '', '', '', '', '', '', '', '', '', '', '', '', '', '', '', '', '', '', '', '', '', '', '', '', '', '', '', '', ''), ('542', '542', 'User_Info', 'editUserInfo', 'master', 'json', '5250', '0', '', '会员管理_编辑', 'int16_t:cmd_id', '', '', '', '', '', '', '', '', '', '', '', '', '', '', '', '', '', '', '', '', '', '', '', '', '', '', '', '', '', '', '', '', '', ''), ('543', '543', 'User_Grade', 'grade', 'master', 'e', '5260', '0', '', '经验值明细_查询', 'int16_t:cmd_id', '', '', '', '', '', '', '', '', '', '', '', '', '', '', '', '', '', '', '', '', '', '', '', '', '', '', '', '', '', '', '', '', '', ''), ('544', '544', 'User_Grade', 'getGradeList', 'master', 'json', '5260', '0', '', '经验值明细_查询', 'int16_t:cmd_id', '', '', '', '', '', '', '', '', '', '', '', '', '', '', '', '', '', '', '', '', '', '', '', '', '', '', '', '', '', '', '', '', '', ''), ('545', '545', 'Config', 'grade', 'master', 'e', '5270', '0', '', '规则设置_查询', 'int16_t:cmd_id', '', '', '', '', '', '', '', '', '', '', '', '', '', '', '', '', '', '', '', '', '', '', '', '', '', '', '', '', '', '', '', '', '', ''), ('546', '546', 'Config', 'edit', 'master', 'json', '5280', '0', '', '规则设置_编辑', 'int16_t:cmd_id', '', '', '', '', '', '', '', '', '', '', '', '', '', '', '', '', '', '', '', '', '', '', '', '', '', '', '', '', '', '', '', '', '', ''), ('547', '547', 'User_Grade', 'setGrade', 'master', 'e', '5290', '0', '', '等级设置_查询', 'int16_t:cmd_id', '', '', '', '', '', '', '', '', '', '', '', '', '', '', '', '', '', '', '', '', '', '', '', '', '', '', '', '', '', '', '', '', '', ''), ('548', '548', 'User_Grade', 'editGradeLog', 'master', 'json', '5300', '0', '', '等级设置_编辑', 'int16_t:cmd_id', '', '', '', '', '', '', '', '', '', '', '', '', '', '', '', '', '', '', '', '', '', '', '', '', '', '', '', '', '', '', '', '', '', ''), ('549', '549', 'User_Points', 'points', 'master', 'e', '5310', '0', '', '积分明细_查询', 'int16_t:cmd_id', '', '', '', '', '', '', '', '', '', '', '', '', '', '', '', '', '', '', '', '', '', '', '', '', '', '', '', '', '', '', '', '', '', ''), ('550', '550', 'User_Points', 'getPointsList', 'master', 'json', '5310', '0', '', '积分明细_查询', 'int16_t:cmd_id', '', '', '', '', '', '', '', '', '', '', '', '', '', '', '', '', '', '', '', '', '', '', '', '', '', '', '', '', '', '', '', '', '', ''), ('551', '551', 'Config', 'points', 'master', 'e', '5320', '0', '', '规则设置_查询', 'int16_t:cmd_id', '', '', '', '', '', '', '', '', '', '', '', '', '', '', '', '', '', '', '', '', '', '', '', '', '', '', '', '', '', '', '', '', '', ''), ('552', '552', 'Config', 'edit', 'master', 'json', '5330', '0', '', '规则设置_编辑', 'int16_t:cmd_id', '', '', '', '', '', '', '', '', '', '', '', '', '', '', '', '', '', '', '', '', '', '', '', '', '', '', '', '', '', '', '', '', '', ''), ('553', '553', 'User_Points', 'addPoints', 'master', 'e', '5340', '0', '', '积分增减_查询', 'int16_t:cmd_id', '', '', '', '', '', '', '', '', '', '', '', '', '', '', '', '', '', '', '', '', '', '', '', '', '', '', '', '', '', '', '', '', '', ''), ('554', '554', 'User_Points', 'addPointsLog', 'master', 'json', '5350', '0', '', '积分增减_编辑', 'int16_t:cmd_id', '', '', '', '', '', '', '', '', '', '', '', '', '', '', '', '', '', '', '', '', '', '', '', '', '', '', '', '', '', '', '', '', '', ''), ('555', '555', 'User_Tag', 'tag', 'master', 'e', '5360', '0', '', '会员标签_查询', 'int16_t:cmd_id', '', '', '', '', '', '', '', '', '', '', '', '', '', '', '', '', '', '', '', '', '', '', '', '', '', '', '', '', '', '', '', '', '', ''), ('556', '556', 'User_Tag', 'getUserTagList', 'master', 'json', '5360', '0', '', '会员标签_查询', 'int16_t:cmd_id', '', '', '', '', '', '', '', '', '', '', '', '', '', '', '', '', '', '', '', '', '', '', '', '', '', '', '', '', '', '', '', '', '', ''), ('557', '557', 'User_Tag', 'addUserTag', 'master', 'e', '5370', '0', '', '会员标签_增加', 'int16_t:cmd_id', '', '', '', '', '', '', '', '', '', '', '', '', '', '', '', '', '', '', '', '', '', '', '', '', '', '', '', '', '', '', '', '', '', ''), ('558', '558', 'User_Tag', 'addUserTagDetail', 'master', 'json', '5370', '0', '', '会员标签_增加', 'int16_t:cmd_id', '', '', '', '', '', '', '', '', '', '', '', '', '', '', '', '', '', '', '', '', '', '', '', '', '', '', '', '', '', '', '', '', '', ''), ('559', '559', 'User_Tag', 'editUserTag', 'master', 'e', '5380', '0', '', '会员标签_编辑', 'int16_t:cmd_id', '', '', '', '', '', '', '', '', '', '', '', '', '', '', '', '', '', '', '', '', '', '', '', '', '', '', '', '', '', '', '', '', '', ''), ('560', '560', 'User_Tag', 'editUserTagDetail', 'master', 'json', '5380', '0', '', '会员标签_编辑', 'int16_t:cmd_id', '', '', '', '', '', '', '', '', '', '', '', '', '', '', '', '', '', '', '', '', '', '', '', '', '', '', '', '', '', '', '', '', '', ''), ('561', '561', 'User_Tag', 'delUserTag', 'master', 'json', '5390', '0', '', '会员标签_删除', 'int16_t:cmd_id', '', '', '', '', '', '', '', '', '', '', '', '', '', '', '', '', '', '', '', '', '', '', '', '', '', '', '', '', '', '', '', '', '', ''), ('562', '562', 'User_Message', 'message', 'master', 'e', '5400', '0', '', '会员消息_查询', 'int16_t:cmd_id', '', '', '', '', '', '', '', '', '', '', '', '', '', '', '', '', '', '', '', '', '', '', '', '', '', '', '', '', '', '', '', '', '', ''), ('563', '563', 'User_Message', 'getMessageList', 'master', 'json', '5400', '0', '', '会员消息_查询', 'int16_t:cmd_id', '', '', '', '', '', '', '', '', '', '', '', '', '', '', '', '', '', '', '', '', '', '', '', '', '', '', '', '', '', '', '', '', '', ''), ('800', '800', 'Shop_Manage', 'indexs', 'master', 'e', '8000', '0', '', '商城设置_查看', 'int16_t:cmd_id', '', '', '', '', '', '', '', '', '', '', '', '', '', '', '', '', '', '', '', '', '', '', '', '', '', '', '', '', '', '', '', '', '', ''), ('810', '810', 'Shop_Manage', 'shopIndex', 'master', 'json', '8000', '0', '', '商城设置_查看', 'int16_t:cmd_id', '', '', '', '', '', '', '', '', '', '', '', '', '', '', '', '', '', '', '', '', '', '', '', '', '', '', '', '', '', '', '', '', '', ''), ('820', '820', 'Shop_Manage', 'getShoplist', 'master', 'e', '8040', '0', '', '查看注册信息', 'int16_t:cmd_id', '', '', '', '', '', '', '', '', '', '', '', '', '', '', '', '', '', '', '', '', '', '', '', '', '', '', '', '', '', '', '', '', '', ''), ('830', '830', 'Shop_Manage', 'getinformationrow', 'master', 'e', '8020', '0', '', '查看店铺信息', 'int16_t:cmd_id', '', '', '', '', '', '', '', '', '', '', '', '', '', '', '', '', '', '', '', '', '', '', '', '', '', '', '', '', '', '', '', '', '', ''), ('840', '840', 'Shop_Manage', 'editShopinformation', 'master', 'json', '8030', '0', '', '编辑店铺信息', 'int16_t:cmd_id', '', '', '', '', '', '', '', '', '', '', '', '', '', '', '', '', '', '', '', '', '', '', '', '', '', '', '', '', '', '', '', '', '', ''), ('850', '850', 'Shop_Manage', 'editCategory', 'master', 'e', '8050', '0', '', '查看经营类目', 'int16_t:cmd_id', '', '', '', '', '', '', '', '', '', '', '', '', '', '', '', '', '', '', '', '', '', '', '', '', '', '', '', '', '', '', '', '', '', ''), ('870', '870', 'Shop_Manage', 'addShopCategory', 'master', 'e', '8070', '0', '', '新增经营类目', 'int16_t:cmd_id', '', '', '', '', '', '', '', '', '', '', '', '', '', '', '', '', '', '', '', '', '', '', '', '', '', '', '', '', '', '', '', '', '', ''), ('880', '880', 'Shop_Manage', 'addShopCategoryRow', 'master', 'json', '8070', '0', '', '新增经营类目', 'int16_t:cmd_id', '', '', '', '', '', '', '', '', '', '', '', '', '', '', '', '', '', '', '', '', '', '', '', '', '', '', '', '', '', '', '', '', '', ''), ('890', '890', 'Shop_Manage', 'editShopCategory', 'master', 'e', '8060', '0', '', '编辑经营类目', 'int16_t:cmd_id', '', '', '', '', '', '', '', '', '', '', '', '', '', '', '', '', '', '', '', '', '', '', '', '', '', '', '', '', '', '', '', '', '', ''), ('900', '900', 'Shop_Manage', 'editShopCategoryRow', 'master', 'json', '8060', '0', '', '编辑经营类目', 'int16_t:cmd_id', '', '', '', '', '', '', '', '', '', '', '', '', '', '', '', '', '', '', '', '', '', '', '', '', '', '', '', '', '', '', '', '', '', ''), ('910', '910', 'Shop_Manage', 'delCategory', 'master', 'json', '8080', '0', '', '删除经营类目', 'int16_t:cmd_id', '', '', '', '', '', '', '', '', '', '', '', '', '', '', '', '', '', '', '', '', '', '', '', '', '', '', '', '', '', '', '', '', '', ''), ('920', '920', 'Shop_Manage', 'join', 'master', 'e', '8090', '0', '', '审核开店信息_查看', 'int16_t:cmd_id', '', '', '', '', '', '', '', '', '', '', '', '', '', '', '', '', '', '', '', '', '', '', '', '', '', '', '', '', '', '', '', '', '', ''), ('930', '930', 'Shop_Manage', 'shopJoin', 'master', 'json', '8090', '0', '', '审核开店信息_查看', 'int16_t:cmd_id', '', '', '', '', '', '', '', '', '', '', '', '', '', '', '', '', '', '', '', '', '', '', '', '', '', '', '', '', '', '', '', '', '', ''), ('940', '940', 'Shop_Manage', 'getShoplist', 'master', 'e', '8090', '0', '', '审核开店信息_查看', 'int16_t:cmd_id', '', '', '', '', '', '', '', '', '', '', '', '', '', '', '', '', '', '', '', '', '', '', '', '', '', '', '', '', '', '', '', '', '', ''), ('950', '950', 'Shop_Manage', 'editShopStatus', 'master', 'json', '8100', '0', '', '审核开店信息_审核', 'int16_t:cmd_id', '', '', '', '', '', '', '', '', '', '', '', '', '', '', '', '', '', '', '', '', '', '', '', '', '', '', '', '', '', '', '', '', '', ''), ('960', '960', 'Shop_Manage', 'shopPay', 'master', 'e', '8110', '0', '', '审核店铺付款_查看', 'int16_t:cmd_id', '', '', '', '', '', '', '', '', '', '', '', '', '', '', '', '', '', '', '', '', '', '', '', '', '', '', '', '', '', '', '', '', '', ''), ('970', '970', 'Shop_Manage', 'shopPay', 'master', 'e', '8110', '0', '', '审核店铺付款_查看', 'int16_t:cmd_id', '', '', '', '', '', '', '', '', '', '', '', '', '', '', '', '', '', '', '', '', '', '', '', '', '', '', '', '', '', '', '', '', '', ''), ('980', '980', 'Shop_Manage', 'getShoplist', 'master', 'e', '8110', '0', '', '审核店铺付款_查看', 'int16_t:cmd_id', '', '', '', '', '', '', '', '', '', '', '', '', '', '', '', '', '', '', '', '', '', '', '', '', '', '', '', '', '', '', '', '', '', ''), ('990', '990', 'Shop_Manage', 'editShopStatus', 'master', 'json', '8120', '0', '', '审核店铺付款_审核', 'int16_t:cmd_id', '', '', '', '', '', '', '', '', '', '', '', '', '', '', '', '', '', '', '', '', '', '', '', '', '', '', '', '', '', '', '', '', '', ''), ('1000', '1000', 'Shop_Manage', 'reopen', 'master', 'e', '8130', '0', '', '续签申请_查看', 'int16_t:cmd_id', '', '', '', '', '', '', '', '', '', '', '', '', '', '', '', '', '', '', '', '', '', '', '', '', '', '', '', '', '', '', '', '', '', ''), ('1010', '1010', 'Shop_Manage', 'reopenlist', 'master', 'json', '8130', '0', '', '续签申请_查看', 'int16_t:cmd_id', '', '', '', '', '', '', '', '', '', '', '', '', '', '', '', '', '', '', '', '', '', '', '', '', '', '', '', '', '', '', '', '', '', ''), ('1020', '1020', 'Shop_Manage', 'delReopen', 'master', 'json', '8140', '0', '', '续签申请_删除', 'int16_t:cmd_id', '', '', '', '', '', '', '', '', '', '', '', '', '', '', '', '', '', '', '', '', '', '', '', '', '', '', '', '', '', '', '', '', '', ''), ('1030', '1030', 'Shop_Manage', 'category', 'master', 'e', '8150', '0', '', '经营类目申请_查看', 'int16_t:cmd_id', '', '', '', '', '', '', '', '', '', '', '', '', '', '', '', '', '', '', '', '', '', '', '', '', '', '', '', '', '', '', '', '', '', ''), ('1040', '1040', 'Shop_Manage', 'getCategory', 'master', 'json', '8150', '0', '', '经营类目申请_查看', 'int16_t:cmd_id', '', '', '', '', '', '', '', '', '', '', '', '', '', '', '', '', '', '', '', '', '', '', '', '', '', '', '', '', '', '', '', '', '', ''), ('1050', '1050', 'Shop_Manage', 'delCategory', 'master', 'json', '8160', '0', '', '经营类目申请_删除', 'int16_t:cmd_id', '', '', '', '', '', '', '', '', '', '', '', '', '', '', '', '', '', '', '', '', '', '', '', '', '', '', '', '', '', '', '', '', '', ''), ('1060', '1060', 'Shop_Manage', 'settlement', 'master', 'e', '8170', '0', '', '结算周期设置_查看', 'int16_t:cmd_id', '', '', '', '', '', '', '', '', '', '', '', '', '', '', '', '', '', '', '', '', '', '', '', '', '', '', '', '', '', '', '', '', '', ''), ('1070', '1070', 'Shop_Manage', 'getSettlement', 'master', 'json', '8170', '0', '', '结算周期设置_查看', 'int16_t:cmd_id', '', '', '', '', '', '', '', '', '', '', '', '', '', '', '', '', '', '', '', '', '', '', '', '', '', '', '', '', '', '', '', '', '', ''), ('1080', '1080', 'Shop_manage', 'getSettlementRow', 'master', 'e', '8180', '0', '', '结算周期设置_编辑', 'int16_t:cmd_id', '', '', '', '', '', '', '', '', '', '', '', '', '', '', '', '', '', '', '', '', '', '', '', '', '', '', '', '', '', '', '', '', '', ''), ('1090', '1090', 'Shop_manage', 'editSettlementRow', 'master', 'json', '8180', '0', '', '结算周期设置_编辑', 'int16_t:cmd_id', '', '', '', '', '', '', '', '', '', '', '', '', '', '', '', '', '', '', '', '', '', '', '', '', '', '', '', '', '', '', '', '', '', ''), ('1100', '1100', 'Shop_Grade', 'indexs', 'master', 'e', '8190', '0', '', '店铺等级_查看', 'int16_t:cmd_id', '', '', '', '', '', '', '', '', '', '', '', '', '', '', '', '', '', '', '', '', '', '', '', '', '', '', '', '', '', '', '', '', '', ''), ('1110', '1110', 'Shop_Grade', 'shopIndex', 'master', 'json', '8190', '0', '', '店铺等级_查看', 'int16_t:cmd_id', '', '', '', '', '', '', '', '', '', '', '', '', '', '', '', '', '', '', '', '', '', '', '', '', '', '', '', '', '', '', '', '', '', ''), ('1120', '1120', 'Shop_Grade', 'addShopLevel', 'master', 'e', '8200', '0', '', '店铺等级_新增', 'int16_t:cmd_id', '', '', '', '', '', '', '', '', '', '', '', '', '', '', '', '', '', '', '', '', '', '', '', '', '', '', '', '', '', '', '', '', '', ''), ('1130', '1130', 'Shop_Grade', 'addShopLevelrow', 'master', 'json', '8200', '0', '', '店铺等级_新增', 'int16_t:cmd_id', '', '', '', '', '', '', '', '', '', '', '', '', '', '', '', '', '', '', '', '', '', '', '', '', '', '', '', '', '', '', '', '', '', ''), ('1140', '1140', 'Shop_Grade', 'editShopLevel', 'master', 'e', '8210', '0', '', '店铺等级_编辑', 'int16_t:cmd_id', '', '', '', '', '', '', '', '', '', '', '', '', '', '', '', '', '', '', '', '', '', '', '', '', '', '', '', '', '', '', '', '', '', ''), ('1150', '1150', 'Shop_Grade', 'editShopLevelrow', 'master', 'json', '8210', '0', '', '店铺等级_编辑', 'int16_t:cmd_id', '', '', '', '', '', '', '', '', '', '', '', '', '', '', '', '', '', '', '', '', '', '', '', '', '', '', '', '', '', '', '', '', '', ''), ('1160', '1160', 'Shop_Grade', 'getTemplist', 'master', 'e', '8230', '0', '', '店铺等级_选择模版', 'int16_t:cmd_id', '', '', '', '', '', '', '', '', '', '', '', '', '', '', '', '', '', '', '', '', '', '', '', '', '', '', '', '', '', '', '', '', '', ''), ('1170', '1170', 'Shop_Grade', 'editGradeTemp', 'master', 'json', '8230', '0', '', '店铺等级_选择模版', 'int16_t:cmd_id', '', '', '', '', '', '', '', '', '', '', '', '', '', '', '', '', '', '', '', '', '', '', '', '', '', '', '', '', '', '', '', '', '', ''), ('1180', '1180', 'Shop_Grade', 'delShopLevel', 'master', 'json', '8220', '0', '', '店铺等级_删除', 'int16_t:cmd_id', '', '', '', '', '', '', '', '', '', '', '', '', '', '', '', '', '', '', '', '', '', '', '', '', '', '', '', '', '', '', '', '', '', ''), ('1190', '1190', 'Shop_Class', 'indexs', 'master', 'e', '8240', '0', '', '店铺分类_查看', 'int16_t:cmd_id', '', '', '', '', '', '', '', '', '', '', '', '', '', '', '', '', '', '', '', '', '', '', '', '', '', '', '', '', '', '', '', '', '', ''), ('1200', '1200', 'Shop_Class', 'shopIndex', 'master', 'json', '8240', '0', '', '店铺分类_查看', 'int16_t:cmd_id', '', '', '', '', '', '', '', '', '', '', '', '', '', '', '', '', '', '', '', '', '', '', '', '', '', '', '', '', '', '', '', '', '', ''), ('1210', '1210', 'Shop_Class', 'addShopClass', 'master', 'e', '8250', '0', '', '店铺分类_新增', 'int16_t:cmd_id', '', '', '', '', '', '', '', '', '', '', '', '', '', '', '', '', '', '', '', '', '', '', '', '', '', '', '', '', '', '', '', '', '', ''), ('1220', '1220', 'Shop_Class', 'addShopClassrow', 'master', 'json', '8250', '0', '', '店铺分类_新增', 'int16_t:cmd_id', '', '', '', '', '', '', '', '', '', '', '', '', '', '', '', '', '', '', '', '', '', '', '', '', '', '', '', '', '', '', '', '', '', ''), ('1230', '1230', 'Shop_Class', 'editShopClass', 'master', 'e', '8260', '0', '', '店铺分类_编辑', 'int16_t:cmd_id', '', '', '', '', '', '', '', '', '', '', '', '', '', '', '', '', '', '', '', '', '', '', '', '', '', '', '', '', '', '', '', '', '', ''), ('1240', '1240', 'Shop_Class', 'editShopClassrow', 'master', 'json', '8260', '0', '', '店铺分类_编辑', 'int16_t:cmd_id', '', '', '', '', '', '', '', '', '', '', '', '', '', '', '', '', '', '', '', '', '', '', '', '', '', '', '', '', '', '', '', '', '', ''), ('1250', '1250', 'Shop_class', 'delShopclass', 'master', 'json', '8270', '0', '', '店铺分类_删除', 'int16_t:cmd_id', '', '', '', '', '', '', '', '', '', '', '', '', '', '', '', '', '', '', '', '', '', '', '', '', '', '', '', '', '', '', '', '', '', ''), ('1260', '1260', 'Config', 'domain', 'master', 'e', '8280', '0', '', '二级域名_查看', 'int16_t:cmd_id', '', '', '', '', '', '', '', '', '', '', '', '', '', '', '', '', '', '', '', '', '', '', '', '', '', '', '', '', '', '', '', '', '', ''), ('1270', '1270', 'Config', 'edit', 'master', 'json', '8290', '0', '', '二级域名_编辑', 'int16_t:cmd_id', '', '', '', '', '', '', '', '', '', '', '', '', '', '', '', '', '', '', '', '', '', '', '', '', '', '', '', '', '', '', '', '', '', ''), ('1280', '1280', 'Shop_Domain', 'indexs', 'master', 'e', '8300', '0', '', '地域列表_查看', 'int16_t:cmd_id', '', '', '', '', '', '', '', '', '', '', '', '', '', '', '', '', '', '', '', '', '', '', '', '', '', '', '', '', '', '', '', '', '', ''), ('1290', '1290', 'Shop_Domain', 'shopIndex', 'master', 'json', '8300', '0', '', '地域列表_查看', 'int16_t:cmd_id', '', '', '', '', '', '', '', '', '', '', '', '', '', '', '', '', '', '', '', '', '', '', '', '', '', '', '', '', '', '', '', '', '', ''), ('1300', '1300', 'Shop_Domain', 'getShopDomain', 'master', 'e', '8310', '0', '', '地域列表_编辑', 'int16_t:cmd_id', '', '', '', '', '', '', '', '', '', '', '', '', '', '', '', '', '', '', '', '', '', '', '', '', '', '', '', '', '', '', '', '', '', ''), ('1310', '1310', 'Shop_Domain', 'editShopDomainrow', 'master', 'json', '8310', '0', '', '地域列表_编辑', 'int16_t:cmd_id', '', '', '', '', '', '', '', '', '', '', '', '', '', '', '', '', '', '', '', '', '', '', '', '', '', '', '', '', '', '', '', '', '', ''), ('1320', '1320', 'Shop_Selfsupport', 'indexs', 'master', 'e', '8320', '0', '', '自营店铺_查看', 'int16_t:cmd_id', '', '', '', '', '', '', '', '', '', '', '', '', '', '', '', '', '', '', '', '', '', '', '', '', '', '', '', '', '', '', '', '', '', ''), ('1330', '1330', 'Shop_Selfsupport', 'shopIndex', 'master', 'json', '8320', '0', '', '自营店铺_查看', 'int16_t:cmd_id', '', '', '', '', '', '', '', '', '', '', '', '', '', '', '', '', '', '', '', '', '', '', '', '', '', '', '', '', '', '', '', '', '', ''), ('1340', '1340', 'Shop_Selfsupport', 'getshopaddrow', 'master', 'e', '8330', '0', '', '自营店铺_新增', 'int16_t:cmd_id', '', '', '', '', '', '', '', '', '', '', '', '', '', '', '', '', '', '', '', '', '', '', '', '', '', '', '', '', '', '', '', '', '', ''), ('1350', '1350', 'Shop_Selfsupport', 'addShoprow', 'master', 'json', '8330', '0', '', '自营店铺_新增', 'int16_t:cmd_id', '', '', '', '', '', '', '', '', '', '', '', '', '', '', '', '', '', '', '', '', '', '', '', '', '', '', '', '', '', '', '', '', '', ''), ('1360', '1360', 'Shop_Selfsupport', 'getshopeditrow', 'master', 'e', '8340', '0', '', '自营店铺_编辑', 'int16_t:cmd_id', '', '', '', '', '', '', '', '', '', '', '', '', '', '', '', '', '', '', '', '', '', '', '', '', '', '', '', '', '', '', '', '', '', ''), ('1370', '1370', 'Shop_Selfsupport', 'editShopBase', 'master', 'json', '8340', '0', '', '自营店铺_编辑', 'int16_t:cmd_id', '', '', '', '', '', '', '', '', '', '', '', '', '', '', '', '', '', '', '', '', '', '', '', '', '', '', '', '', '', '', '', '', '', ''), ('1380', '1380', 'Shop_Selfsupport', 'delSelfsupport', 'master', 'json', '8350', '0', '', '店铺自营_删除', 'int16_t:cmd_id', '', '', '', '', '', '', '', '', '', '', '', '', '', '', '', '', '', '', '', '', '', '', '', '', '', '', '', '', '', '', '', '', '', ''), ('1390', '1390', 'Config', 'operation', 'master', 'e', '8500', '0', '', '运营设置_查看', 'int16_t:cmd_id', '', '', '', '', '', '', '', '', '', '', '', '', '', '', '', '', '', '', '', '', '', '', '', '', '', '', '', '', '', '', '', '', '', ''), ('1400', '1400', 'Config', 'edit', 'master', 'json', '8510', '0', '', '运营设置_编辑', 'int16_t:cmd_id', '', '', '', '', '', '', '', '', '', '', '', '', '', '', '', '', '', '', '', '', '', '', '', '', '', '', '', '', '', '', '', '', '', ''), ('1410', '1410', 'Operation_Settlement', 'settlement', 'master', 'e', '8520', '0', '', '结算管理_查看', 'int16_t:cmd_id', '', '', '', '', '', '', '', '', '', '', '', '', '', '', '', '', '', '', '', '', '', '', '', '', '', '', '', '', '', '', '', '', '', '');
INSERT INTO `yf_admin_base_protocol` VALUES ('1420', '1420', 'Operation_Settlement', 'getSettleList', 'master', 'json', '8520', '0', '', '结算管理_查看', 'int16_t:cmd_id', '', '', '', '', '', '', '', '', '', '', '', '', '', '', '', '', '', '', '', '', '', '', '', '', '', '', '', '', '', '', '', '', '', ''), ('1430', '1430', 'Operation_Settlement', 'detail', 'master', 'e', '8520', '0', '', '结算管理_查看', 'int16_t:cmd_id', '', '', '', '', '', '', '', '', '', '', '', '', '', '', '', '', '', '', '', '', '', '', '', '', '', '', '', '', '', '', '', '', '', ''), ('1440', '1440', 'Operation_Settlement', 'getOrder', 'master', 'json', '8520', '0', '', '结算管理_查看', 'int16_t:cmd_id', '', '', '', '', '', '', '', '', '', '', '', '', '', '', '', '', '', '', '', '', '', '', '', '', '', '', '', '', '', '', '', '', '', ''), ('1450', '1450', 'Operation_Settlement', 'getReturn', 'master', 'json', '8520', '0', '', '结算管理_查看', 'int16_t:cmd_id', '', '', '', '', '', '', '', '', '', '', '', '', '', '', '', '', '', '', '', '', '', '', '', '', '', '', '', '', '', '', '', '', '', ''), ('1460', '1460', 'Operation_Settlement', 'getShopFee', 'master', 'json', '8520', '0', '', '结算管理_查看', 'int16_t:cmd_id', '', '', '', '', '', '', '', '', '', '', '', '', '', '', '', '', '', '', '', '', '', '', '', '', '', '', '', '', '', '', '', '', '', ''), ('1470', '1470', 'Api_Operation_Settlement', 'getSettleExcel', 'master', 'json', '8530', '0', '', '结算管理_导出', 'int16_t:cmd_id', '', '', '', '', '', '', '', '', '', '', '', '', '', '', '', '', '', '', '', '', '', '', '', '', '', '', '', '', '', '', '', '', '', ''), ('1480', '1480', 'Operation_Settlement', 'settlement', 'master', 'e', '8540', '0', '', '虚拟订单结算_查看', 'int16_t:cmd_id', '', '', '', '', '', '', '', '', '', '', '', '', '', '', '', '', '', '', '', '', '', '', '', '', '', '', '', '', '', '', '', '', '', ''), ('1490', '1490', 'Operation_Settlement', 'getSettleList', 'master', 'json', '8540', '0', '', '虚拟订单结算_查看', 'int16_t:cmd_id', '', '', '', '', '', '', '', '', '', '', '', '', '', '', '', '', '', '', '', '', '', '', '', '', '', '', '', '', '', '', '', '', '', ''), ('1500', '1500', 'Operation_Settlement', 'detail', 'master', 'e', '8540', '0', '', '虚拟订单结算_查看', 'int16_t:cmd_id', '', '', '', '', '', '', '', '', '', '', '', '', '', '', '', '', '', '', '', '', '', '', '', '', '', '', '', '', '', '', '', '', '', ''), ('1510', '1510', 'Operation_Settlement', 'getVirtual', 'master', 'json', '8540', '0', '', '虚拟订单结算_查看', 'int16_t:cmd_id', '', '', '', '', '', '', '', '', '', '', '', '', '', '', '', '', '', '', '', '', '', '', '', '', '', '', '', '', '', '', '', '', '', ''), ('1520', '1520', 'Operation_Custom', 'custom', 'master', 'e', '8560', '0', '', '咨询列表_查看', 'int16_t:cmd_id', '', '', '', '', '', '', '', '', '', '', '', '', '', '', '', '', '', '', '', '', '', '', '', '', '', '', '', '', '', '', '', '', '', ''), ('1530', '1530', 'Operation_Custom', 'getCustomList', 'master', 'json', '8560', '0', '', '咨询列表_查看', 'int16_t:cmd_id', '', '', '', '', '', '', '', '', '', '', '', '', '', '', '', '', '', '', '', '', '', '', '', '', '', '', '', '', '', '', '', '', '', ''), ('1540', '1540', 'Operation_Custom', 'getService', 'master', 'e', '8580', '0', '', '咨询列表_编辑', 'int16_t:cmd_id', '', '', '', '', '', '', '', '', '', '', '', '', '', '', '', '', '', '', '', '', '', '', '', '', '', '', '', '', '', '', '', '', '', ''), ('1550', '1550', 'Operation_Custom', 'replyService', 'master', 'json', '8580', '0', '', '咨询列表_编辑', 'int16_t:cmd_id', '', '', '', '', '', '', '', '', '', '', '', '', '', '', '', '', '', '', '', '', '', '', '', '', '', '', '', '', '', '', '', '', '', ''), ('1560', '1560', 'Operation_Custom', 'delService', 'master', 'json', '8590', '0', '', '咨询列表_删除', 'int16_t:cmd_id', '', '', '', '', '', '', '', '', '', '', '', '', '', '', '', '', '', '', '', '', '', '', '', '', '', '', '', '', '', '', '', '', '', ''), ('1570', '1570', 'Operation_Custom', 'type', 'master', 'e', '8600', '0', '', '咨询类型_查看', 'int16_t:cmd_id', '', '', '', '', '', '', '', '', '', '', '', '', '', '', '', '', '', '', '', '', '', '', '', '', '', '', '', '', '', '', '', '', '', ''), ('1580', '1580', 'Operation_Custom', 'getTypeList', 'master', 'json', '8600', '0', '', '咨询类型_查看', 'int16_t:cmd_id', '', '', '', '', '', '', '', '', '', '', '', '', '', '', '', '', '', '', '', '', '', '', '', '', '', '', '', '', '', '', '', '', '', ''), ('1590', '1590', 'Operation_Custom', 'manage', 'master', 'e', '8620', '0', '', '咨询类型_编辑', 'int16_t:cmd_id', '', '', '', '', '', '', '', '', '', '', '', '', '', '', '', '', '', '', '', '', '', '', '', '', '', '', '', '', '', '', '', '', '', ''), ('1600', '1600', 'Operation_Custom', 'editType', 'master', 'json', '8620', '0', '', '咨询类型_编辑', 'int16_t:cmd_id', '', '', '', '', '', '', '', '', '', '', '', '', '', '', '', '', '', '', '', '', '', '', '', '', '', '', '', '', '', '', '', '', '', ''), ('1610', '1610', 'Operation_Custom', 'delType', 'master', 'json', '8630', '0', '', '咨询类型_删除', 'int16_t:cmd_id', '', '', '', '', '', '', '', '', '', '', '', '', '', '', '', '', '', '', '', '', '', '', '', '', '', '', '', '', '', '', '', '', '', ''), ('1620', '1620', 'Operation_Custom', 'manage', 'master', 'e', '8610', '0', '', '咨询类型_新增', 'int16_t:cmd_id', '', '', '', '', '', '', '', '', '', '', '', '', '', '', '', '', '', '', '', '', '', '', '', '', '', '', '', '', '', '', '', '', '', ''), ('1630', '1630', 'Operation_Custom', 'addType', 'master', 'json', '8610', '0', '', '咨询类型_新增', 'int16_t:cmd_id', '', '', '', '', '', '', '', '', '', '', '', '', '', '', '', '', '', '', '', '', '', '', '', '', '', '', '', '', '', '', '', '', '', ''), ('1640', '1640', 'Operation_Card', 'card', 'master', 'e', '8640', '0', '', '平台充值卡_查看', 'int16_t:cmd_id', '', '', '', '', '', '', '', '', '', '', '', '', '', '', '', '', '', '', '', '', '', '', '', '', '', '', '', '', '', '', '', '', '', ''), ('1650', '1650', 'Operation_Card', 'getCardList', 'master', 'json', '8640', '0', '', '平台充值卡_查看', 'int16_t:cmd_id', '', '', '', '', '', '', '', '', '', '', '', '', '', '', '', '', '', '', '', '', '', '', '', '', '', '', '', '', '', '', '', '', '', ''), ('1660', '1660', 'Operation_Card', 'addCard', 'master', 'e', '8650', '0', '', '平台充值卡_新增', 'int16_t:cmd_id', '', '', '', '', '', '', '', '', '', '', '', '', '', '', '', '', '', '', '', '', '', '', '', '', '', '', '', '', '', '', '', '', '', ''), ('1670', '1670', 'Operation_Card', 'addCardBase', 'master', 'json', '8650', '0', '', '平台充值卡_新增', 'int16_t:cmd_id', '', '', '', '', '', '', '', '', '', '', '', '', '', '', '', '', '', '', '', '', '', '', '', '', '', '', '', '', '', '', '', '', '', ''), ('1680', '1680', 'Operation_Delivery', 'delivery', 'master', 'e', '8680', '0', '', '物流自提服务站_查看', 'int16_t:cmd_id', '', '', '', '', '', '', '', '', '', '', '', '', '', '', '', '', '', '', '', '', '', '', '', '', '', '', '', '', '', '', '', '', '', ''), ('1690', '1690', 'Operation_Delivery', 'getDeliveryList', 'master', 'json', '8680', '0', '', '物流自提服务站_查看', 'int16_t:cmd_id', '', '', '', '', '', '', '', '', '', '', '', '', '', '', '', '', '', '', '', '', '', '', '', '', '', '', '', '', '', '', '', '', '', ''), ('1700', '1700', 'Operation_Delivery', 'getDetail', 'master', 'e', '8680', '0', '', '物流自提服务站_查看', 'int16_t:cmd_id', '', '', '', '', '', '', '', '', '', '', '', '', '', '', '', '', '', '', '', '', '', '', '', '', '', '', '', '', '', '', '', '', '', ''), ('1710', '1710', 'Operation_Delivery', 'getDelivery', 'master', 'e', '8690', '0', '', '物流自提服务站_编辑', 'int16_t:cmd_id', '', '', '', '', '', '', '', '', '', '', '', '', '', '', '', '', '', '', '', '', '', '', '', '', '', '', '', '', '', '', '', '', '', ''), ('1720', '1720', 'Operation_Delivery', 'editDelivery', 'master', 'json', '8690', '0', '', '物流自提服务站_编辑', 'int16_t:cmd_id', '', '', '', '', '', '', '', '', '', '', '', '', '', '', '', '', '', '', '', '', '', '', '', '', '', '', '', '', '', '', '', '', '', ''), ('1730', '1730', 'Operation_Contract', 'log', 'master', 'e', '8720', '0', '', '服务加入申请_查看', 'int16_t:cmd_id', '', '', '', '', '', '', '', '', '', '', '', '', '', '', '', '', '', '', '', '', '', '', '', '', '', '', '', '', '', '', '', '', '', ''), ('1740', '1740', 'Operation_Contract', 'getContractStateList', 'master', 'json', '8720', '0', '', '服务加入申请_查看', 'int16_t:cmd_id', '', '', '', '', '', '', '', '', '', '', '', '', '', '', '', '', '', '', '', '', '', '', '', '', '', '', '', '', '', '', '', '', '', ''), ('1750', '1750', 'Operation_Contract', 'manageLog', 'master', 'e', '8740', '0', '', '服务加入申请_编辑', 'int16_t:cmd_id', '', '', '', '', '', '', '', '', '', '', '', '', '', '', '', '', '', '', '', '', '', '', '', '', '', '', '', '', '', '', '', '', '', ''), ('1760', '1760', 'Operation_Contract', 'editLog', 'master', 'json', '8740', '0', '', '服务加入申请_编辑', 'int16_t:cmd_id', '', '', '', '', '', '', '', '', '', '', '', '', '', '', '', '', '', '', '', '', '', '', '', '', '', '', '', '', '', '', '', '', '', ''), ('1770', '1770', 'Operation_Contract', 'quit', 'master', 'e', '8760', '0', '', '服务退出申请_查看', 'int16_t:cmd_id', '', '', '', '', '', '', '', '', '', '', '', '', '', '', '', '', '', '', '', '', '', '', '', '', '', '', '', '', '', '', '', '', '', ''), ('1780', '1780', 'Operation_Contract', 'getContractStateList', 'master', 'json', '8760', '0', '', '服务退出申请_查看', 'int16_t:cmd_id', '', '', '', '', '', '', '', '', '', '', '', '', '', '', '', '', '', '', '', '', '', '', '', '', '', '', '', '', '', '', '', '', '', ''), ('1790', '1790', 'Operation_Contract', 'manageLog', 'master', 'e', '8780', '0', '', '服务退出申请_编辑', 'int16_t:cmd_id', '', '', '', '', '', '', '', '', '', '', '', '', '', '', '', '', '', '', '', '', '', '', '', '', '', '', '', '', '', '', '', '', '', ''), ('1800', '1800', 'Operation_Contract', 'editLog', 'master', 'json', '8780', '0', '', '服务退出申请_编辑', 'int16_t:cmd_id', '', '', '', '', '', '', '', '', '', '', '', '', '', '', '', '', '', '', '', '', '', '', '', '', '', '', '', '', '', '', '', '', '', ''), ('1810', '1810', 'Operation_Contract', 'service', 'master', 'e', '8800', '0', '', '店铺保障服务_查看', 'int16_t:cmd_id', '', '', '', '', '', '', '', '', '', '', '', '', '', '', '', '', '', '', '', '', '', '', '', '', '', '', '', '', '', '', '', '', '', ''), ('1820', '1820', 'Operation_Contract', 'getServiceList', 'master', 'json', '8800', '0', '', '店铺保障服务_查看', 'int16_t:cmd_id', '', '', '', '', '', '', '', '', '', '', '', '', '', '', '', '', '', '', '', '', '', '', '', '', '', '', '', '', '', '', '', '', '', ''), ('1830', '1830', 'Operation_Contract', 'manageShopContract', 'master', 'e', '8820', '0', '', '店铺保障服务_编辑', 'int16_t:cmd_id', '', '', '', '', '', '', '', '', '', '', '', '', '', '', '', '', '', '', '', '', '', '', '', '', '', '', '', '', '', '', '', '', '', ''), ('1840', '1840', 'Operation_Contract', 'editContract', 'master', 'json', '8820', '0', '', '店铺保障服务_编辑', 'int16_t:cmd_id', '', '', '', '', '', '', '', '', '', '', '', '', '', '', '', '', '', '', '', '', '', '', '', '', '', '', '', '', '', '', '', '', '', ''), ('1850', '1850', 'Operation_Contract', 'getDetail', 'master', 'e', '8800', '0', '', '店铺保障服务_查看', 'int16_t:cmd_id', '', '', '', '', '', '', '', '', '', '', '', '', '', '', '', '', '', '', '', '', '', '', '', '', '', '', '', '', '', '', '', '', '', ''), ('1860', '1860', 'Operation_Contract', 'manageContractCash', 'master', 'e', '8820', '0', '', '店铺保障服务_编辑', 'int16_t:cmd_id', '', '', '', '', '', '', '', '', '', '', '', '', '', '', '', '', '', '', '', '', '', '', '', '', '', '', '', '', '', '', '', '', '', ''), ('1870', '1870', 'Operation_Contract', 'editCash', 'master', 'json', '8820', '0', '', '店铺保障服务_编辑', 'int16_t:cmd_id', '', '', '', '', '', '', '', '', '', '', '', '', '', '', '', '', '', '', '', '', '', '', '', '', '', '', '', '', '', '', '', '', '', ''), ('1880', '1880', 'Operation_Contract', 'getDetail', 'master', 'e', '8800', '0', '', '店铺保障服务_查看', 'int16_t:cmd_id', '', '', '', '', '', '', '', '', '', '', '', '', '', '', '', '', '', '', '', '', '', '', '', '', '', '', '', '', '', '', '', '', '', ''), ('1890', '1890', 'Operation_Contract', 'getLogList', 'master', 'json', '8800', '0', '', '店铺保障服务_查看', 'int16_t:cmd_id', '', '', '', '', '', '', '', '', '', '', '', '', '', '', '', '', '', '', '', '', '', '', '', '', '', '', '', '', '', '', '', '', '', ''), ('1900', '1900', 'Operation_Contract', 'type', 'master', 'e', '8840', '0', '', '保障服务管理_查看', 'int16_t:cmd_id', '', '', '', '', '', '', '', '', '', '', '', '', '', '', '', '', '', '', '', '', '', '', '', '', '', '', '', '', '', '', '', '', '', ''), ('1910', '1910', 'Operation_Contract', 'getTypeList', 'master', 'json', '8840', '0', '', '保障服务管理_查看', 'int16_t:cmd_id', '', '', '', '', '', '', '', '', '', '', '', '', '', '', '', '', '', '', '', '', '', '', '', '', '', '', '', '', '', '', '', '', '', ''), ('1920', '1920', 'Operation_Contract', 'manage', 'master', 'e', '8850', '0', '', '保障服务管理_编辑', 'int16_t:cmd_id', '', '', '', '', '', '', '', '', '', '', '', '', '', '', '', '', '', '', '', '', '', '', '', '', '', '', '', '', '', '', '', '', '', ''), ('1930', '1930', 'Operation_Contract', 'editType', 'master', 'json', '8850', '0', '', '保障服务管理_编辑', 'int16_t:cmd_id', '', '', '', '', '', '', '', '', '', '', '', '', '', '', '', '', '', '', '', '', '', '', '', '', '', '', '', '', '', '', '', '', '', ''), ('1931', '1931', 'Goods_Brand', 'getBrandListExcel', 'master', 'e', '3371', '0', '', '品牌导出', 'int16_t:cmd_id', '', '', '', '', '', '', '', '', '', '', '', '', '', '', '', '', '', '', '', '', '', '', '', '', '', '', '', '', '', '', '', '', '', ''), ('1932', '1932', 'Goods_Goods', 'recommend', 'master', 'e', '8880', '0', '', '商品推荐_查看', 'int16_t:cmd_id', '', '', '', '', '', '', '', '', '', '', '', '', '', '', '', '', '', '', '', '', '', '', '', '', '', '', '', '', '', '', '', '', '', ''), ('1933', '1933', 'Goods_Goods', 'listGoodsRecommend', 'master', 'json', '8880', '0', '', '商品推荐_查看', 'int16_t:cmd_id', '', '', '', '', '', '', '', '', '', '', '', '', '', '', '', '', '', '', '', '', '', '', '', '', '', '', '', '', '', '', '', '', '', ''), ('1934', '1934', 'Goods_Goods', 'recommendManage', 'master', 'e', '8900', '0', '', '商品推荐_新增', 'int16_t:cmd_id', '', '', '', '', '', '', '', '', '', '', '', '', '', '', '', '', '', '', '', '', '', '', '', '', '', '', '', '', '', '', '', '', '', ''), ('1935', '1935', 'Goods_Goods', 'addGoodsRecommend', 'master', 'json', '8900', '0', '', '商品推荐_新增', 'int16_t:cmd_id', '', '', '', '', '', '', '', '', '', '', '', '', '', '', '', '', '', '', '', '', '', '', '', '', '', '', '', '', '', '', '', '', '', ''), ('1936', '1936', 'Goods_Goods', 'editGoodsRecommend', 'master', 'json', '8890', '0', '', '商品推荐_编辑', 'int16_t:cmd_id', '', '', '', '', '', '', '', '', '', '', '', '', '', '', '', '', '', '', '', '', '', '', '', '', '', '', '', '', '', '', '', '', '', ''), ('1937', '1937', 'Goods_Goods', 'removeGoodsRecommend', 'master', 'json', '8910', '0', '', '商品推荐_删除', 'int16_t:cmd_id', '', '', '', '', '', '', '', '', '', '', '', '', '', '', '', '', '', '', '', '', '', '', '', '', '', '', '', '', '', '', '', '', '', '');
COMMIT;

-- ----------------------------
--  Table structure for `yf_admin_log_action`
-- ----------------------------
DROP TABLE IF EXISTS `yf_admin_log_action`;
CREATE TABLE `yf_admin_log_action` (
  `log_id` int(11) NOT NULL AUTO_INCREMENT COMMENT '日志id',
  `user_id` mediumint(8) NOT NULL DEFAULT '0' COMMENT '玩家Id',
  `user_account` varchar(100) NOT NULL DEFAULT '' COMMENT '角色账户',
  `user_name` varchar(20) NOT NULL DEFAULT '' COMMENT '角色名称',
  `action_id` mediumint(8) NOT NULL DEFAULT '0' COMMENT '行为id == protocal_id -> rights_id',
  `action_type_id` mediumint(9) NOT NULL COMMENT '操作类型id，right_parent_id',
  `log_param` text NOT NULL COMMENT '请求的参数',
  `log_ip` varchar(20) NOT NULL DEFAULT '',
  `log_date` date NOT NULL COMMENT '日志日期',
  `log_time` timestamp NOT NULL DEFAULT CURRENT_TIMESTAMP COMMENT '记录时间',
  PRIMARY KEY (`log_id`),
  KEY `player_id` (`user_id`),
  KEY `log_date` (`log_date`)
) ENGINE=InnoDB DEFAULT CHARSET=utf8  COMMENT='用户行为日志表';

-- ----------------------------
--  Table structure for `yf_admin_menu`
-- ----------------------------
DROP TABLE IF EXISTS `yf_admin_menu`;
CREATE TABLE `yf_admin_menu` (
  `menu_id` int(10) NOT NULL AUTO_INCREMENT COMMENT '菜单id',
  `menu_parent_id` int(10) NOT NULL DEFAULT '0' COMMENT '菜单id',
  `menu_name` varchar(20) NOT NULL COMMENT '菜单名称',
  `menu_icon` varchar(255) NOT NULL DEFAULT '' COMMENT '图标class',
  `rights_id` int(10) unsigned NOT NULL DEFAULT '0' COMMENT '权限id',
  `menu_url_ctl` varchar(30) NOT NULL DEFAULT '' COMMENT '控制器名称',
  `menu_url_met` varchar(20) NOT NULL DEFAULT '' COMMENT '控制器方法',
  `menu_url_parem` varchar(50) NOT NULL DEFAULT '' COMMENT 'url参数',
  `menu_url_note` varchar(255) NOT NULL DEFAULT '' COMMENT '页面帮助内容',
  `menu_order` tinyint(4) unsigned NOT NULL DEFAULT '50' COMMENT '排序',
  `menu_time` datetime NOT NULL DEFAULT '0000-00-00 00:00:00' COMMENT '最后更新时间',
  PRIMARY KEY (`menu_id`)
) ENGINE=InnoDB AUTO_INCREMENT=19010 DEFAULT CHARSET=utf8  COMMENT='菜单表-10个递增';

-- ----------------------------
--  Records of `yf_admin_menu`
-- ----------------------------
BEGIN;
INSERT INTO `yf_admin_menu` VALUES ('10000', '0', '平 台', '', '0', 'Seller_Index', 'index', '', '', '10', '0000-00-00 00:00:00'), ('11000', '0', '设 置', 'icon-silde02', '0', 'Seller_Goods', 'add', '', '', '10', '0000-00-00 00:00:00'), ('11001', '11000', '基础设置', '', '9000', '', '', '', '网站全局内容基本选项设置', '0', '0000-00-00 00:00:00'), ('11002', '11000', 'API设置', '', '9100', '', '', '', '各系统API设置', '0', '0000-00-00 00:00:00'), ('11003', '11000', '系统工具', '', '9200', '', '', '', '', '0', '0000-00-00 00:00:00'), ('11004', '11000', '数据管理', '', '9300', '', '', '', '', '0', '0000-00-00 00:00:00'), ('11005', '11000', '商城设置', '', '9400', '', '', '', '商城相关基础信息及功能设置选项', '255', '0000-00-00 00:00:00'), ('11006', '11000', '图片设置', '', '9500', '', '', '', '商城相关图片及水印等参数设定', '0', '0000-00-00 00:00:00'), ('11007', '11000', 'SEO设置', '', '9600', '', '', '', '', '0', '0000-00-00 00:00:00'), ('11008', '11000', '消息通知', '', '9700', '', '', '', '商城对商品交易投诉管理及仲裁', '0', '0000-00-00 00:00:00'), ('11009', '11000', '快递公司', '', '9800', '', '', '', '提供给商家可选择的物流快递公司', '0', '0000-00-00 00:00:00'), ('11010', '11000', '运单模板', '', '9900', '', '', '', '预设供商家选择的运单快递模板', '0', '0000-00-00 00:00:00'), ('11011', '11000', '计划任务', '', '10000', '', '', '', '计划任务相关设定及管理', '0', '0000-00-00 00:00:00'), ('11012', '11000', '模板风格', '', '10100', '', '', '', '网站全局内容基本选项设置', '0', '0000-00-00 00:00:00'), ('11013', '11000', '帮助设置', '', '10200', '', '', '', '网站文章及分类管理', '0', '0000-00-00 00:00:00'), ('11014', '11000', '页面导航', '', '10400', '', '', '', '网站全局顶部/底部及商城主导航设置', '50', '0000-00-00 00:00:00'), ('11015', '11000', '物流设置', '', '10300', '', '', '', '快递状态查询设置', '0', '0000-00-00 00:00:00'), ('11016', '11000', '权限设置', '', '10500', '', '', '', '管理商城用户的权限，以及权限组', '0', '0000-00-00 00:00:00'), ('11017', '11000', '分站管理', '', '10600', '', '', '', '管理分站基本信息', '0', '0000-00-00 00:00:00'), ('11019', '11001', '站点设置', '', '0', 'Config', 'site', 'config_type%5B%5D=site', '<li>网站全局基本设置，商城及其他模块相关内容在其各自栏目设置项内进行操作。</li>', '1', '0000-00-00 00:00:00'), ('11020', '11001', '上传设置', '', '0', 'Config', 'upload', 'config_type%5B%5D=upload', '<li>依据服务器环境支持最大上传组件大小设置选项，如需要上传超大附件需调整服务器环境配置。</li>', '2', '0000-00-00 00:00:00'), ('11021', '11001', '邮件设置', '', '0', 'Config', 'msgAccount', 'config_type%5B%5D=email&config_type%5B%5D=sms', '<li>填写邮件服务器相关参数，并点击“测试”按钮进行效验，保存后生效。</li><li>如使用第三方提供的邮件服务器，请认真阅读服务商提供的相关帮助文档。</li>', '3', '0000-00-00 00:00:00'), ('11022', '0', 'IM设置', '', '0', 'Config', 'im', 'config_type%5B%5D=im', '<li>IM设置 </li>', '4', '0000-00-00 00:00:00'), ('11023', '11001', '地区设置', '', '3240', 'Config', 'district', '', '<li>全站所有涉及的地区均来源于此处，强烈建议对此处谨慎操作。</li><li>编辑地区信息后，需手动更新地区缓存(平台  > 设置 > 清理缓存 > 地区)，前台才会生效。</li><li>所属大区为默认的全国性的几大区域，只有省级地区才需要填写大区域，目前全国几大区域有：华北、东北、华东、华南、华中、西南、西北、港澳台、海外</li><li>所在层级为该地区的所在的层级深度，如北京>北京市>朝阳区,其中北京层级为1，北京市层级为2，朝阳区层级为3</li>', '5', '0000-00-00 00:00:00'), ('11024', '11001', '搜索引擎', '', '0', 'Config', 'sphinx', 'config_type%5B%5D=sphinx', '<li>Sphinx 及 Scws 扩展 如果没有安装, 则开启Sphinx也不起作用! </li>', '6', '0000-00-00 00:00:00'), ('11025', '11001', '敏感词设置', '', '0', 'Base_FilterKeyword', 'index', '', '<li>敏感词:可以设置为汉字 数字 字母等等。</li>', '7', '0000-00-00 00:00:00'), ('11026', '11001', '授权证书', '', '0', 'Config', 'licence', 'config_type%5B%5D=licence', '<li>授权证书设置</li>', '8', '0000-00-00 00:00:00'), ('11027', '11002', '本系统 API设置', '', '0', 'Config', 'api', 'config_type%5B%5D=api', '<li>我们的商城系统在开发的时候,网站前台与后台进行了独立开发独立部署的设计理念,这样便于各个子系统与管理员后台进行分布式多台服务器上部署成为可能。 提高了系统的抗压能力与安全等级。在这里可以配置商城系统与各子系统之间通讯的API与Key值配置</li>', '1', '0000-00-00 00:00:00'), ('11028', '11002', 'UCenter API设置', '', '0', 'Config', 'ucenterApi', 'config_type%5B%5D=api', '<li>我们的商城系统在开发的时候,网站前台与后台进行了独立开发独立部署的设计理念,这样便于各个子系统与管理员后台进行分布式多台服务器上部署成为可能。提高了系统的抗压能力与安全等级。在这里可以配置商城系统与各子系统之间通讯的API与Key值配置</li>', '2', '0000-00-00 00:00:00'), ('11029', '11002', 'PayCenter API设置', '', '0', 'Config', 'paycenterApi', 'config_type%5B%5D=api', '<li>我们的商城系统在开发的时候,网站前台与后台进行了独立开发独立部署的设计理念,这样便于各个子系统与管理员后台进行分布式多台服务器上部署成为可能。提高了系统的抗压能力与安全等级。在这里可以配置商城系统与各子系统之间通讯的API与Key值配置</li>', '3', '0000-00-00 00:00:00'), ('11030', '11002', 'IM API设置', '', '0', 'Config', 'imApi', 'config_type%5B%5D=api', '<li>我们的商城系统在开发的时候,网站前台与后台进行了独立开发独立部署的设计理念,这样便于各个子系统与管理员后台进行分布式多台服务器上部署成为可能。提高了系统的抗压能力与安全等级。在这里可以配置商城系统与各子系统之间通讯的API与Key值配置</li>', '4', '0000-00-00 00:00:00'), ('11031', '11003', '插件管理', '', '0', 'Config', 'plugin', 'config_type%5B%5D=plugin', '<li>是否启用插件。</li>', '1', '0000-00-00 00:00:00'), ('11032', '11003', '清理缓存', '', '0', 'Config', 'cacheManage', '', '<li>当首页、商品分类或者其它修改数据没有即时生效的时候，需要来清理缓存。</li>', '2', '0000-00-00 00:00:00'), ('11033', '11003', '程序检测', '', '0', 'Config', 'validator', '', '<li>处理修改完成程序后, 然后创建基准。 每次对比基于创建的基准</li>', '3', '0000-00-00 00:00:00'), ('11034', '11003', '更新管理中心', '', '0', 'Config', 'update', '', '<li></li>', '4', '0000-00-00 00:00:00'), ('11035', '11003', '更新商城', '', '0', 'Config', 'updateShop', '', '<li></li>', '5', '0000-00-00 00:00:00'), ('11036', '11004', '数据库维护', '', '0', 'Database_Maintain', 'index', '', '<li><span class=\'mt_info\'><span class=\'mt_stit\'>修复：</span>该功能对你使用的MyISAM数据表的破损文件进行修复，因此只有当你的数据库出现损坏的情况下才运行该功能！在使用这个功能之前，请先备份数据库数据。</span></li><li><span class=\'mt_info\'><span class=\'mt_stit\'>整理：</span>该功能对你使用的InnoDB数据表整理碎片，提高索引速度，节省磁盘空间，当你的数据表进行过大量删除操作后可运行', '0', '0000-00-00 00:00:00'), ('11037', '11004', '数据库升级', '', '0', 'Database_Update', 'index', '', '<li>请小心操作:此操作将直接更改数据库，建议没有必要不要修改升级代码。</li>', '0', '0000-00-00 00:00:00'), ('11038', '11004', '数据库备份', '', '0', 'Database_Backup', 'index', '', '<li>数据库备份</li>', '0', '0000-00-00 00:00:00'), ('11039', '11005', '商城设置', '', '5000', 'Config', 'shop', 'config_type%5B%5D=setting', '<li>网站全局基本设置，商城及其他模块相关内容在其各自栏目设置项内进行操作。</li>', '1', '0000-00-00 00:00:00'), ('11040', '11005', '默认搜索', '', '5080', 'Config', 'search', 'config_type%5B%5D=search', '<li>用户默认关键词统计</li>', '2', '0000-00-00 00:00:00'), ('11041', '11005', '热门搜索', '', '5100', 'Base_Search', 'search', '', '<li>用户数据关键词统计</li>', '3', '0000-00-00 00:00:00'), ('11042', '11006', '默认图片', '', '5040', 'Config', 'photo', 'config_type%5B%5D=photo', '<li>网站全局图片上传设置，商城及其他模块在上传图片规则按此处设置进行操作</li>', '0', '0000-00-00 00:00:00'), ('11043', '11006', '水印字体', '', '5060', 'Config', 'photo', 'config_type%5B%5D=photo', '', '0', '0000-00-00 00:00:00'), ('11044', '11007', '首页', '', '5140', 'Config', 'seo', 'config_type%5B%5D=seo', '<li>插入的变量必需包括花括号“{}”，当应用范围不支持该变量时，该变量将不会在前台显示(变量后边的分隔符也不会显示)，留空为系统默认设置，SEO自定义支持手写。以下是可用SEO变量:</li><li>站点名称 {sitename}，（应用范围：全站）</li><li nctype=\"vmore\">名称 {name}，（应用范围：团购名称、商品名称、品牌名称、文章标题）</li><li nctype=\"vmore\">店铺名称 {shopname}，（应用范围：店铺页）</li>', '0', '0000-00-00 00:00:00'), ('11045', '11007', '团购', '', '0', '', '', '', '', '0', '0000-00-00 00:00:00'), ('11046', '11007', '品牌', '', '0', '', '', '', '', '0', '0000-00-00 00:00:00'), ('11047', '11007', '积分中心', '', '0', '', '', '', '', '0', '0000-00-00 00:00:00'), ('11048', '11007', '文章', '', '0', '', '', '', '', '0', '0000-00-00 00:00:00'), ('11049', '11007', '店铺', '', '0', '', '', '', '', '0', '0000-00-00 00:00:00'), ('11050', '11007', '商品', '', '0', '', '', '', '', '0', '0000-00-00 00:00:00'), ('11051', '11007', '商品分类', '', '0', '', '', '', '', '0', '0000-00-00 00:00:00'), ('11052', '11007', 'SNS', '', '0', '', '', '', '', '0', '0000-00-00 00:00:00'), ('11053', '11008', '商家消息模板', '', '5160', 'News_Message', 'template', 'type=2', '<li>平台可给商家提供站内信、手机短信、邮件三种通知方式。平台可以选择开启一种或多种通知方式供商家选择。</li>\n            <li>开启强制接收后，商家不能取消该方式通知的接收。</li>\n            <li>短消息、邮件需要商家设置正确号码后才能正常接收。</li>\n            <li class=\"red\">编辑完成后请清理“商家消息模板”缓存。</li>', '0', '0000-00-00 00:00:00'), ('11054', '11008', '用户消息模板', '', '0', 'News_Message', 'template', 'type=1', '<li>平台可以选择开启一种或多种消息通知方式。</li>\n            <li>短消息、邮件需要用户绑定手机、邮箱后才能正常接收。</li>\n            <li class=\"red\">编辑完成后请清理“用户消息模板”缓存。</li>', '0', '0000-00-00 00:00:00'), ('11055', '11008', '系统消息模板', '', '0', 'Config', 'getMsgTpl', 'config_type%5B%5D=msg_tpl', '<li>系统自动给注册用户发送邮件或手机短信等信息所使用的模板，可根据需求编辑其中内容。</li>', '0', '0000-00-00 00:00:00'), ('11056', '11009', '快递公司', '', '5180', 'Logistics_Express', 'express', '', '<li>系统内置的快递公司不得删除，只可编辑状态，平台可禁用不需要的快递公司，常用的快递公司将会排在靠前位置。</li>\n        </ul>', '0', '0000-00-00 00:00:00'), ('11057', '11010', '模板列表', '', '5200', 'Logistics_Waybill', 'tpl', '', '<li>平台现有运单模板列表。</li> \n            <li>设计完成后在编辑中修改模板状态为启用后，商家就可以绑定该模板进行运单打印。</li>', '0', '0000-00-00 00:00:00'), ('11058', '11011', '计划任务', '', '3280', 'Base_Cron', 'index', '', '<li>为了更高性能,可以从Linux服务器上设置crontab来实现(关闭计划任务插件)。</li>\n            <li>如果采用程序触发计划任务,则需要开启计划任务插件。</li>\n            <li>脚本存放目录: APP_PATH . \'/task/crons/\'。</li>', '0', '0000-00-00 00:00:00'), ('11059', '11012', '已安装模板', '', '0', 'Config', 'siteTheme', 'config_type%5B%5D=site', '网站全局基本设置，商城及其他模块相关内容在其各自栏目设置项内进行操作。', '0', '0000-00-00 00:00:00'), ('11060', '11013', '文章分类', '', '3010', 'Article_Group', 'index', '', '<li>管理员新增文章时，可选择文章分类。文章分类将在前台文章列表页显示</li>\n      <li>默认的文章分类不可以删除</li>', '0', '0000-00-00 00:00:00'), ('11061', '11013', '文章管理', '', '3060', 'Article_Base', 'index', '', ' <li>区别于会员协议，可在文章列表页点击查看</li>\n', '0', '0000-00-00 00:00:00'), ('11062', '11014', '页面导航', '', '3160', 'Platform_Nav', 'index', '', '<li>对页面导航进行设置</li>', '0', '0000-00-00 00:00:00'), ('11063', '11015', '物流查询选用设置', '', '0', 'Config', 'logistics', 'config_type%5B%5D=logistics&typ=e', '<li>选择快递方式</li>', '0', '0000-00-00 00:00:00'), ('11064', '110151', '快递100', '', '0', 'Config1', 'kuaidi100', 'config_type%5B%5D=kuaidi100', '<li>点击提交申请快递100APP</li>', '0', '0000-00-00 00:00:00'), ('11065', '11015', '快递鸟', '', '0', 'Config', 'kuaidiniao', 'config_type%5B%5D=kuaidiniao', '<li>点击提交申请快递鸟APP</li>', '0', '0000-00-00 00:00:00'), ('11066', '11016', '管理员', '', '0', 'User_Base', 'index', '', '<li>实现不同的用户拥有不同的角色，不同的角色拥有不同的权限</li>', '0', '0000-00-00 00:00:00'), ('11067', '11016', '权限组', '', '0', 'Rights_Group', 'index', '', '<li>对权限组权限进行处理</li>\n', '0', '0000-00-00 00:00:00'), ('11068', '11016', '操作日志', '', '0', 'Log_Action', 'index', '', '<li>系统默认关闭了操作日志，如需开启，请编辑插件管理,启用日志插件</li>\n            <li>开启操作日志可以记录管理人员的关键操作，但会轻微加重系统负担</li>', '0', '0000-00-00 00:00:00'), ('11069', '11017', '分站设置', '', '0', 'Config', 'subsite', 'config_type%5B%5D=subsite', '<li>开启或关闭城市分站</li>', '0', '0000-00-00 00:00:00'), ('11070', '11017', '分站管理', '', '0', 'Subsite_Config', 'index', '', '<li>分站管理</li>', '0', '0000-00-00 00:00:00'), ('11071', '11018', '分销员设置', '', '0', 'Config', 'directseller', 'config_type%5B%5D=directseller', '<li>分销设置</li>', '0', '0000-00-00 00:00:00'), ('12000', '0', '商 品', 'icon-silde03', '0', 'Seller_Order', 'index', '', '', '10', '0000-00-00 00:00:00'), ('12001', '12000', '商品管理', '', '10800', '', '', '', '平台管理商品', '0', '0000-00-00 00:00:00'), ('12002', '12000', '分类管理', '', '10900', '', '', '', '商品分类管理', '0', '0000-00-00 00:00:00'), ('12003', '12000', '品牌管理', '', '11000', '', '', '', '商品品牌管理及店铺申请品牌审核', '0', '0000-00-00 00:00:00'), ('12004', '12000', '类型管理', '', '11100', '', '', '', '', '0', '0000-00-00 00:00:00'), ('12005', '12000', '规格管理', '', '11200', '', '', '', '商品规格的管理可用于商品类型设置', '0', '0000-00-00 00:00:00'), ('12006', '12000', '图片空间', '', '11300', '', '', '', '商品图片及商家店铺相册管理', '0', '0000-00-00 00:00:00'), ('12007', '12000', '商品推荐', '', '11600', '', '', '', '商品列表页面推荐商品管理', '0', '0000-00-00 00:00:00'), ('12008', '12001', '全部商品', '', '0', 'Goods_Goods', 'common', '', '<li>上架，当商品处于非上架状态时，前台将不能浏览该商品，店主可控制商品上架状态</li>\n      <li>违规下架，当商品处于违规下架状态时，前台将不能购买该商品，只有管理员可控制商品违规下架状态，并且商品只有重新编辑后才能上架</li>\n      <li>设置项中可以查看商品详细、查看商品SKU。查看商品详细，跳转到商品详细页。查看商品SKU，显示商品的SKU、图片、价格、库存信息。</li>', '0', '0000-00-00 00:00:00'), ('12009', '12001', '违规下架', '', '0', 'Goods_Goods', 'common', 'common_state=10', '<li>上架，当商品处于非上架状态时，前台将不能浏览该商品，店主可控制商品上架状态</li>\n      <li>违规下架，当商品处于违规下架状态时，前台将不能购买该商品，只有管理员可控制商品违规下架状态，并且商品只有重新编辑后才能上架</li>\n      <li>设置项中可以查看商品详细、查看商品SKU。查看商品详细，跳转到商品详细页。查看商品SKU，显示商品的SKU、图片、价格、库存信息。</li>', '0', '0000-00-00 00:00:00'), ('12010', '12001', '等待审核', '', '0', 'Goods_Goods', 'common', 'common_verify=10', '<li>上架，当商品处于非上架状态时，前台将不能浏览该商品，店主可控制商品上架状态</li>\n      <li>违规下架，当商品处于违规下架状态时，前台将不能购买该商品，只有管理员可控制商品违规下架状态，并且商品只有重新编辑后才能上架</li>\n      <li>设置项中可以查看商品详细、查看商品SKU。查看商品详细，跳转到商品详细页。查看商品SKU，显示商品的SKU、图片、价格、库存信息。</li>', '0', '0000-00-00 00:00:00'), ('12011', '12001', '商品设置', '', '0', 'Config', 'goods', 'config_type%5B%5D=goods', '<li>商品审核设置</li>', '0', '0000-00-00 00:00:00'), ('12012', '12002', '商品分类', '', '3870', 'Goods_Cat', 'cat', '', '<li>当店主添加商品时可选择商品分类，用户可根据分类查询商品列表</li>\n   <li>“编辑分类导航”功能可以设置前台左上侧商品分类导航的相关信息，可以设置分类前图标、分类别名、推荐分类、推荐品牌以及两张广告图片。</li>\n   <li>修改完成后,必须去清楚缓存,否则无法立即生效。</li>', '0', '0000-00-00 00:00:00'), ('12013', '12003', '管理', '', '3370', 'Goods_Brand', 'brand', '', '<li>当店主添加商品时可选择商品品牌，用户可根据品牌查询商品列表</li>\n            <li>被推荐品牌，将在前台品牌推荐模块处显示</li>\n            <li>在品牌列表页面，品牌将按类别分组，即具有相同类别的品牌为一组，品牌类别与品牌分类无联系</li>\n            <li>上传品牌图片时，请上传宽度不低于240像素，高度不低于200像素的图片</li>', '0', '0000-00-00 00:00:00'), ('12014', '12003', '待审核', '', '0', 'Goods_Brand', 'brands', '', '<li>当店主添加商品时可选择商品品牌，用户可根据品牌查询商品列表</li>\n            <li>被推荐品牌，将在前台品牌推荐模块处显示</li>\n            <li>在品牌列表页面，品牌将按类别分组，即具有相同类别的品牌为一组，品牌类别与品牌分类无联系</li>', '0', '0000-00-00 00:00:00'), ('12015', '12004', '类型', '', '0', 'Goods_Type', 'type', '', '<li>当管理员添加商品分类时需选择类型。前台分类下商品列表页通过类型\n    生成商品检索，方便用户搜索需要的商品。</li>', '0', '0000-00-00 00:00:00'), ('12016', '12005', '规格管理', '', '0', 'Goods_Spec', 'spec', '', '<li>规格将会对应到商品发布的规格，规格值由店铺自己添加。</li>\n   <li>默认安装中会添加一个默认颜色规格，请不要删除，只有这个颜色规格才能在商品详细页显示为图片。</li>', '0', '0000-00-00 00:00:00'), ('12017', '12006', '图片管理', '', '0', 'Goods_Album', 'album', '', '<li>仅删除分组，不删除图片，组内图片将自动归入未分组</li>', '0', '0000-00-00 00:00:00'), ('12018', '12007', '商品推荐', '', '8880', 'Goods_Goods', 'recommend', '', '<li>推荐的商品将显示在按商品分类搜索时的商品列表页面，显示位置位于主商品列表的上方。</li>', '0', '0000-00-00 00:00:00'), ('13000', '0', '店 铺', 'icon-silde04', '0', 'Seller_Marketing', 'index', '', '', '10', '0000-00-00 00:00:00'), ('13001', '13000', '店铺管理', '', '11700', '', '', '', '管理商城店铺相关内容', '0', '0000-00-00 00:00:00'), ('13002', '13000', '店铺等级', '', '11800', '', '', '', '商城预设店铺等级功能及收费', '0', '0000-00-00 00:00:00'), ('13003', '13000', '店铺分类', '', '11900', '', '', '', '商城店铺分类管理设置', '0', '0000-00-00 00:00:00'), ('13004', '13000', '二级域名', '', '12000', '', '', '', '对二级域名相关属性进行设置和管理', '0', '0000-00-00 00:00:00'), ('13007', '13000', '商家入驻', '', '12100', '', '', '', '商家入驻将在首页展示', '0', '0000-00-00 00:00:00'), ('13008', '13000', '自营店铺', '', '12200', '', '', '', '商城自营店铺相关设置与管理', '0', '0000-00-00 00:00:00'), ('13009', '13001', '店铺设置', '', '8020', 'Shop_Manage', 'indexs', '', '<li>如果当前时间超过店铺有效期或店铺处于关闭状态，前台将不能继续浏览该店铺，但是店主仍然可以编辑该店铺</li>\n', '0', '0000-00-00 00:00:00'), ('13010', '13001', '审核开店信息', '', '8090', 'Shop_Manage', 'join', '', '<li>点击审核按钮可以对开店申请进行审核，点击查看按钮可以查看开店信息。</li>', '0', '0000-00-00 00:00:00'), ('13011', '13001', '审核店铺付款', '', '8110', 'Shop_Manage', 'pay', '', '<li>点击审核按钮可以对开店申请进行审核，点击查看按钮可以查看开店信息。</li>', '0', '0000-00-00 00:00:00'), ('13012', '13001', '续签申请', '', '8130', 'Shop_Manage', 'reopen', '', '<li>此处可以对商家续签申请进行查看/审核/删除 操作。</li>\n            <li>审核后，系统会自动将店铺的到期时间向后延续</li>', '0', '0000-00-00 00:00:00'), ('13013', '13001', '经营类目申请', '', '8150', 'Shop_Manage', 'category', '', '<li>此处可以对商家新申请的经营类目进行 审核/删除 操作。</li>', '0', '0000-00-00 00:00:00'), ('13014', '13001', '结算周期设置', '', '8170', 'Shop_Manage', 'settlement', '', '<li>平台可为店铺设置不同的结算周期（单位：天），默认各店铺的结算周期为一个自然月</li>', '0', '0000-00-00 00:00:00'), ('13015', '13002', '等级管理', '', '8190', 'Shop_Grade', 'indexs', '', '<li>不同等级对应的不同的店铺特权</li>', '0', '0000-00-00 00:00:00'), ('13016', '13003', '分类管理', '', '8240', 'Shop_Class', 'indexs', '', '<li>商家入驻时可指定此处设置店铺分类</li>', '0', '0000-00-00 00:00:00'), ('13017', '13004', '设置', '', '8280', 'Config', 'domain', 'config_type%5B%5D=domain', '<li>对二级域名相关属性进行设置。</li>', '0', '0000-00-00 00:00:00'), ('13018', '13004', '域名列表', '', '8300', 'Shop_Domain', 'indexs', '', '<li>对域名列表进行操作。</li>', '0', '0000-00-00 00:00:00'), ('13019', '13007', '幻灯片管理', '', '0', 'Config', 'join_slider', 'config_type%5B%5D=join_slider', '<li>该组幻灯片滚动图片应用于商家入驻使用，最多可上传2张图片。</li><li>图片要求使用宽度为1900像素，高度为350像素jpg/gif/png格式的图片。</li><li>上传图片后请添加格式为“http://网址...”链接地址，设定后将在显示页面中点击幻灯片将以另打开窗口的形式跳转到指定网址。</li>', '0', '0000-00-00 00:00:00'), ('13020', '13007', '商家入驻', '', '0', 'Shop_Help', 'help', '', '<li>入驻指南会出现在招商首页的最下方，以切换卡形式出现，可编辑但不可删减数量。</li>', '0', '0000-00-00 00:00:00'), ('13021', '13008', '自营店铺管理', '', '8320', 'Shop_Selfsupport', 'indexs', '', '<li>平台在此处统一管理自营店铺，可以新增、编辑、删除平台自营店铺</li><li>  可以设置未绑定全部商品类目的平台自营店铺的经营类目</li><li>  已经发布商品的自营店铺不能被删除</li><li>  删除平台自营店铺将会同时删除店铺的相关图片以及相关商家中心账户，请谨慎操作！</li>', '0', '0000-00-00 00:00:00'), ('13022', '13100', '供应商管理', '', '0', 'Supplier_Manage', 'indexs', '', '', '0', '0000-00-00 00:00:00'), ('13023', '13022', '供应商管理', '', '0', 'Supplier_Manage', 'indexs', '', '', '0', '0000-00-00 00:00:00'), ('13024', '13100', '供应商入驻', '', '0', 'Supplier_Help', 'help', '', '', '0', '0000-00-00 00:00:00'), ('13025', '13100', '供应商模板', '', '0', 'Config', 'supplier_index', 'config_type%5B%5D=supplier_index', '', '0', '0000-00-00 00:00:00'), ('13100', '0', '供应商', 'icon-gongyingshang', '0', '', '', '', '', '1', '0000-00-00 00:00:00'), ('14000', '0', '会 员', 'icon-silde05', '0', 'Seller_Shop', 'index', '', '', '10', '0000-00-00 00:00:00'), ('14001', '14000', '会员管理', '', '12300', '', '', '', '商城注册会员账户信息设置管理', '0', '0000-00-00 00:00:00'), ('14002', '14000', '等级经验值', '', '15600', '', '', '', '商城会员经验值设定及获取日志', '0', '0000-00-00 00:00:00'), ('14003', '14000', '积分管理', '', '12400', '', '', '', '商城会员积分管理及获取日志', '0', '0000-00-00 00:00:00'), ('14004', '14000', '分享绑定', '', '12500', '', '', '', '商城内容与站外分享接口绑定设置', '0', '0000-00-00 00:00:00'), ('14005', '14000', '会员标签', '', '12600', '', '', '', '商城设置会员热门标签管理', '0', '0000-00-00 00:00:00'), ('14006', '14000', '会员消息', '', '12700', '', '', '', '商城会员聊天内容记录管理', '0', '0000-00-00 00:00:00'), ('14007', '14002', '经验值明细', '', '5260', 'User_Grade', 'grade', '', '<li>经验值明细，展示了会员经验值增减情况的详细情况记录，经验值前有符号“-”表示减少，无符号表示增加</li>', '0', '0000-00-00 00:00:00'), ('14008', '14002', '规则设置', '', '5270', 'Config', 'grade', 'config_type%5B%5D=grade', '<li>会员获取经验值设定</li>', '50', '0000-00-00 00:00:00'), ('14009', '14002', '等级设置', '', '5290', 'User_Grade', 'setGrade', '', '<li>“会员级别设置”提交后，当会员符合某个级别后将自动升至该级别，请谨慎设置会员级别。</li><li>建议：级别应该是逐层递增，例如“级别2”所需经验值高于“级别1”；二、设置的第一个级别所需经验值应为0；三、信息应填写完整。</li>', '50', '0000-00-00 00:00:00'), ('14010', '14001', '会员信息', '', '5240', 'User_Info', 'info', '', '<li>通过会员管理，你可以进行查看会员资料等操作。</li>\r\n            <li>你可以根据条件搜索会员，然后选择相应的操作。</li>', '0', '0000-00-00 00:00:00'), ('14011', '14003', '积分明细', '', '5310', 'User_Points', 'points', '', '<li>积分明细，展示了被操作人员（会员）、操作人员（管理员）、操作积分数（积分值，“-”表示减少，无符号表示增加）、操作时间（添加时间）等信息。</li><li>你可以根据条件搜索会员，然后选择相应的操作。</li>', '0', '0000-00-00 00:00:00'), ('14012', '14003', '规则设置', '', '5320', 'Config', 'points', 'config_type%5B%5D=points', '<li>会员获取积分设定</li>', '0', '0000-00-00 00:00:00'), ('14013', '14003', '积分增减', '', '5340', 'User_Points', 'addPoints', '', '<li>会员积分操作</li>', '0', '0000-00-00 00:00:00'), ('14014', '14004', '应用列表', '', '0', 'User_Shared', 'shared', '', '<li>开启并设置以下接口配置信息后，SNS分享店铺和商品信息功能中将可以使用站外分享信息功能。</li>', '0', '0000-00-00 00:00:00'), ('14015', '14005', '标签列表', '', '5360', 'User_Tag', 'tag', '', '<li>会员可以选中多个喜欢的标签贴在身上。</li><li>还可以把标签推荐到会员搜索页面，让会员可以方便的关注有相同爱好的朋友。</li>', '0', '0000-00-00 00:00:00'), ('14016', '14006', '消息内容', '', '5400', 'User_Message', 'message', '', '<li>你可以根据条件搜索会员，然后选择相应的消息。</li> ', '0', '0000-00-00 00:00:00'), ('15000', '0', '交 易', 'icon-silde06', '0', 'Seller_Service', 'index', '', '', '10', '0000-00-00 00:00:00'), ('15001', '15000', '商品订单', '', '12800', '', '', '', '商城实物商品交易订单查询及管理', '0', '0000-00-00 00:00:00'), ('15002', '15000', '虚拟订单', '', '12900', '', '', '', '商城虚拟商品交易订单查询及管理', '0', '0000-00-00 00:00:00'), ('15003', '15000', '退款管理', '', '15500', '', '', '', '商品订单退款申请及审核处理', '0', '0000-00-00 00:00:00'), ('15004', '15000', '退货管理', '', '13000', '', '', '', '商品订单退货申请及审核处理', '50', '0000-00-00 00:00:00'), ('15005', '15000', '虚拟订单退款', '', '13100', '', '', '', '商品虚拟订单退货申请及审核处理', '0', '0000-00-00 00:00:00'), ('15006', '15000', '咨询管理', '', '13200', '', '', '', '商品咨询管理与设置', '0', '0000-00-00 00:00:00'), ('15007', '15000', '举报管理', '', '13300', '', '', '', '商品举报处理', '0', '0000-00-00 00:00:00'), ('15008', '15000', '评价管理', '', '13400', '', '', '', '商品交易评价及店铺动态评价管理', '0', '0000-00-00 00:00:00'), ('15009', '15000', '投诉管理', '', '13500', '', '', '', '商城对商品交易投诉管理及仲裁', '0', '0000-00-00 00:00:00'), ('15010', '15001', '商品订单', '', '0', 'Trade_Order', 'order', '', '<li>点击查看操作将显示订单（包括订单物品）的详细信息</li>\n            <li>点击取消操作可以取消订单（在线支付但未付款的订单和货到付款但未发货的订单）</li>\n            <li>如果平台已确认收到买家的付款，但系统支付状态并未变更，可以点击收到货款操作(仅限于下单后7日内可更改收款状态)，并填写相关信息后更改订单支付状态</li>', '0', '0000-00-00 00:00:00'), ('15011', '15002', '虚拟订单', '', '0', 'Trade_Order', 'virtualOrder', '', '<li>点击查看操作将显示订单（包括电子兑换码）的详细信息</li><li>未付款的订单可以点击取消操作来取消订单</li><li>如果平台已确认收到买家的付款，但系统支付状态并未变更，可以点击收到货款操作，并填写相关信息后更改订单支付状态</li>', '0', '0000-00-00 00:00:00'), ('15012', '15003', '待处理', '', '0', 'Trade_Return', 'refundWait', 'otyp=1', '<li>待处理退款操作</li>', '0', '0000-00-00 00:00:00'), ('15013', '15003', '所有记录', '', '0', 'Trade_Return', 'refundAll', 'otyp=1', '<li>所有退款操作</li>', '0', '0000-00-00 00:00:00'), ('15014', '15003', '退款原因', '', '0', 'Trade_Return', 'reason', '', '<li>退款原因</li>', '0', '0000-00-00 00:00:00'), ('15015', '15004', '待处理', '', '0', 'Trade_Return', 'refundWait', 'otyp=2', '<li>待处理退货操作</li>', '0', '0000-00-00 00:00:00'), ('15016', '15004', '所有记录', '', '0', 'Trade_Return', 'refundAll', 'otyp=2', '<li>所有退货操作</li>', '0', '0000-00-00 00:00:00'), ('15017', '15005', '待处理', '', '0', 'Trade_Return', 'refundWait', 'otyp=3', '<li>待处理虚拟订单退款操作</li>', '0', '0000-00-00 00:00:00'), ('15018', '15005', '所有记录', '', '0', 'Trade_Return', 'refundAll', 'otyp=3', '<li>所有虚拟订单退款操作</li>', '0', '0000-00-00 00:00:00'), ('15019', '15006', '咨询管理', '', '0', 'Trade_Consult', 'consult', '', '<li>退款咨询内容操作</li>', '0', '0000-00-00 00:00:00'), ('15020', '15006', '类型设置', '', '0', 'Trade_Consult', 'type', '', '<li>在商品详细页,提交商品咨询是所需要选择的咨询类型。</li> <li>提交咨询时，咨询类型必须选择，请不要全部删除。</li>', '0', '0000-00-00 00:00:00'), ('15021', '15006', '头部文字设置', '', '0', 'Config', 'consult', 'config_type%5B%5D=consult', '<li>在商品详细页咨询选项卡头部显示的文字提示。</li>', '0', '0000-00-00 00:00:00'), ('15022', '15007', '未处理', '', '0', 'Trade_Report', 'baseDo', '', '<li>未处理举报</li>', '0', '0000-00-00 00:00:00'), ('15023', '15007', '已处理', '', '0', 'Trade_Report', 'baseDone', '', '<li>已处理举报</li>', '0', '0000-00-00 00:00:00'), ('15024', '15007', '类型设置', '', '0', 'Trade_Report', 'type', '', '<li>举报分类操作</li>', '0', '0000-00-00 00:00:00'), ('15025', '15007', '主题设置', '', '0', 'Trade_Report', 'subject', '', '<li>举报主题操作</li>', '0', '0000-00-00 00:00:00'), ('15026', '15008', '来自买家的评价', '', '0', 'Trade_Order', 'evaluate', '', '<li>买家可在订单完成后对订单商品进行评价操作，评价信息将显示在对应的商品页面</li>', '0', '0000-00-00 00:00:00'), ('15027', '15008', '店铺动态评价', '', '0', 'Trade_Order', 'shopevaluate', '', '<li>买家可在订单完成后对店铺进行动态评价操作</li>\n<li>评价统计信息将显示在对应的店铺相应页面</li>', '0', '0000-00-00 00:00:00'), ('15028', '15009', '新投诉', '', '4340', 'Trade_Complain', 'complain', 'state=1', '<li>在投诉时效内，买家可对订单进行投诉，投诉主题由管理员在后台统一设置</li>\n            <li>投诉时效可在系统设置处进行设置</li>\n            <li>点击详细，可进行投诉审核。审核完成后，被投诉店铺可进行申诉。申诉成功后，投诉双方进行对话，最后由后台管理员进行仲裁操作</li>', '0', '0000-00-00 00:00:00'), ('15029', '15009', '待申诉', '', '4340', 'Trade_Complain', 'complain', 'state=2', '<li>在投诉时效内，买家可对订单进行投诉，投诉主题由管理员在后台统一设置</li>\n            <li>投诉时效可在系统设置处进行设置</li>\n            <li>点击详细，可进行投诉审核。审核完成后，被投诉店铺可进行申诉。申诉成功后，投诉双方进行对话，最后由后台管理员进行仲裁操作</li>', '0', '0000-00-00 00:00:00'), ('15030', '15009', '对话中', '', '4340', 'Trade_Complain', 'complain', 'state=3', '<li>在投诉时效内，买家可对订单进行投诉，投诉主题由管理员在后台统一设置</li>\n            <li>投诉时效可在系统设置处进行设置</li>\n            <li>点击详细，可进行投诉审核。审核完成后，被投诉店铺可进行申诉。申诉成功后，投诉双方进行对话，最后由后台管理员进行仲裁操作</li>', '0', '0000-00-00 00:00:00'), ('15031', '15009', '待仲裁', '', '4340', 'Trade_Complain', 'complain', 'state=4', '<li>在投诉时效内，买家可对订单进行投诉，投诉主题由管理员在后台统一设置</li>\n            <li>投诉时效可在系统设置处进行设置</li>\n            <li>点击详细，可进行投诉审核。审核完成后，被投诉店铺可进行申诉。申诉成功后，投诉双方进行对话，最后由后台管理员进行仲裁操作</li>', '0', '0000-00-00 00:00:00'), ('15032', '15009', '已关闭', '', '4340', 'Trade_Complain', 'complain', 'state=5', '<li>在投诉时效内，买家可对订单进行投诉，投诉主题由管理员在后台统一设置</li>\n            <li>投诉时效可在系统设置处进行设置</li>\n            <li>点击详细，可进行投诉审核。审核完成后，被投诉店铺可进行申诉。申诉成功后，投诉双方进行对话，最后由后台管理员进行仲裁操作</li>', '0', '0000-00-00 00:00:00'), ('15033', '15009', '主题设置', '', '4380', 'Trade_Complain', 'subject', '', '<li>在投诉时效内，买家可对订单进行投诉，投诉主题由管理员在后台统一设置</li>\n            <li>投诉时效可在系统设置处进行设置</li>\n            <li>点击详细，可进行投诉审核。审核完成后，被投诉店铺可进行申诉。申诉成功后，投诉双方进行对话，最后由后台管理员进行仲裁操作</li>', '0', '0000-00-00 00:00:00'), ('15034', '15009', '时效设置', '', '0', 'Trade_Complain', 'setting', '', '<li>在投诉时效内，买家可对订单进行投诉，投诉主题由管理员在后台统一设置</li>\n            <li>投诉时效可在系统设置处进行设置</li>\n            <li>点击详细，可进行投诉审核。审核完成后，被投诉店铺可进行申诉。申诉成功后，投诉双方进行对话，最后由后台管理员进行仲裁操作</li>', '0', '0000-00-00 00:00:00'), ('15601', '13008', '供应商店铺管理', '', '8320', 'Supplier_Selfsupport', 'indexs', '', '<li>平台在此处统一管理自营供应商店铺，可以新增、编辑、删除平台供应商自营店铺</li><li>  可以设置未绑定全部商品类目的平台自营供应商店铺的经营类目</li><li>  已经发布商品的自营供应商店铺不能被删除</li><li>  删除平台自营供应商店铺将会同时删除店铺的相关图片以及相关商家中心账户，请谨慎操作！</li>', '0', '0000-00-00 00:00:00'), ('16000', '0', '运 营', 'icon-silde07', '0', 'Seller_analytics', 'index', '', '', '10', '0000-00-00 00:00:00'), ('16001', '16000', '运营设置', '', '13600', '', '', '', '各个运营模块的相关设置', '0', '0000-00-00 00:00:00'), ('16002', '16000', '结算管理', '', '13700', '', '', '', '实物商品订单结算索引及商家账单表', '0', '0000-00-00 00:00:00'), ('16003', '16000', '虚拟订单结算', '', '13800', '', '', '', '虚拟商品订单结算索引及商家账单表', '0', '0000-00-00 00:00:00'), ('16004', '16000', '平台客服', '', '13900', '', '', '', '商城对用户咨询类型设定与处理', '0', '0000-00-00 00:00:00'), ('16005', '16000', '平台充值卡', '', '14000', '', '', '', '商城购物卡设置生成及用户充值使用明细', '0', '0000-00-00 00:00:00'), ('16006', '16000', '物流自提服务站', '', '14100', '', '', '', '商城对线下物流自提点的设定集管理', '0', '0000-00-00 00:00:00'), ('16007', '16000', '消费者保障服务', '', '14200', '', '', '', '消费者保障服务查看与管理', '0', '0000-00-00 00:00:00'), ('16008', '16001', '运营设置', '', '8500', 'Config', 'operation', 'config_type%5B%5D=operation', '<li>运营设置操作</li>', '0', '0000-00-00 00:00:00'), ('16009', '16002', '结算管理', '', '8520', 'Operation_Settlement', 'settlement', '', '<li>账单计算公式：订单金额(含运费) + 红包金额 - 佣金金额 - 退单金额 + 退还佣金 - 退还红包金额 - 店铺促销费用 + 定金订单中的未退定金 + 下单时使用的平台红包 - 全部退款时应扣除的平台红包</li>\n            <li>账单处理流程为：系统出账 > 商家确认 > 平台审核 > 财务支付(完成结算) 4个环节，其中平台审核和财务支付需要平台介入，请予以关注</li>', '0', '0000-00-00 00:00:00'), ('16010', '16003', '虚拟订单结算', '', '8540', 'Operation_Settlement', 'settlement', 'otyp=1', '<li>账单计算公式：订单金额(含运费) + 红包金额 - 佣金金额 - 退单金额 + 退还佣金 - 退还红包金额 - 店铺促销费用 + 定金订单中的未退定金 + 下单时使用的平台红包 - 全部退款时应扣除的平台红包</li>\n            <li>账单处理流程为：系统出账 > 商家确认 > 平台审核 > 财务支付(完成结算) 4个环节，其中平台审核和财务支付需要平台介入，请予以关注</li>', '0', '0000-00-00 00:00:00'), ('16011', '16004', '平台客服咨询列表', '', '8560', 'Operation_Custom', 'custom', '', '<li>平台客服咨询列表</li>', '0', '0000-00-00 00:00:00'), ('16012', '16004', '平台咨询类型', '', '8600', 'Operation_Custom', 'type', '', '<li>买家联系平台客服时所需要选择的类型。</li>\n   <li>提交咨询时，咨询类型必须选择，请不要全部删除。</li>', '0', '0000-00-00 00:00:00'), ('16013', '16005', '平台购物卡', '', '8640', 'Operation_Card', 'card', '', '<li>平台发布购物卡，用户可在会员中心通过输入正确购物卡号的形式对其购物卡账户进行充值。</li>\n   <li>已经被领取的平台购物卡不能被删除。</li>', '0', '0000-00-00 00:00:00'), ('16014', '16006', '管理', '', '8680', 'Operation_Delivery', 'delivery', '', '<li>物流自提服务站关闭后，被用户选择设置成收货地址的记录会被删除，请谨慎操作。</li>', '0', '0000-00-00 00:00:00'), ('16015', '16006', '等待审核', '', '8680', 'Operation_Delivery', 'delivery', 'dtyp=check', '<li>物流自提服务站关闭后，被用户选择设置成收货地址的记录会被删除，请谨慎操作。</li>', '0', '0000-00-00 00:00:00'), ('16016', '16007', '服务加入申请', '', '8720', 'Operation_Contract', 'log', 'log=join', '<li>列表为店铺申请加入各项消费者保障服务记录</li>\n   <li>当店铺提出的申请记录状态为“等待审核”、“保证金待审核”的时候，可以编辑申请；否则只能查看申请详情。</li>', '0', '0000-00-00 00:00:00'), ('16017', '16007', '服务退出申请', '', '8760', 'Operation_Contract', 'log', 'log=quit', '<li>列表为店铺申请退出各项消费者保障服务的记录</li>\n   <li>当店铺提出的申请记录状态为“等待审核”的时候，可以编辑申请；否则只能查看申请详情。</li>', '0', '0000-00-00 00:00:00'), ('16018', '16007', '店铺保障服务', '', '8800', 'Operation_Contract', 'service', '', '<li>买家联系平台客服时所需要选择的类型。</li>\n   <li>提交咨询时，咨询类型必须选择，请不要全部删除。</li>', '0', '0000-00-00 00:00:00'), ('16019', '16007', '保障服务管理', '', '8840', 'Operation_Contract', 'type', '', '<li>列表为平台消费者保障服务项目。</li>\n   <li>当保障项目状态为“开启”时，店铺可以申请加入该服务；状态为“关闭”时，平台将会禁用该保障服务。</li>', '0', '0000-00-00 00:00:00'), ('17000', '0', '促 销', 'icon-silde08', '0', 'Seller_Message', 'index', '', '', '10', '0000-00-00 00:00:00'), ('17001', '17000', '促销设定', '', '14300', '', '', '', '商城对各类型促销活动设定开关', '0', '0000-00-00 00:00:00'), ('17002', '17000', '团购管理', '', '14400', '', '', '', '商品团购促销活动相关设定及管理', '0', '0000-00-00 00:00:00'), ('17003', '17000', '加价购', '', '14500', '', '', '', '加价购活动套餐及列表', '0', '0000-00-00 00:00:00'), ('17004', '17000', '限时折扣', '', '14600', '', '', '', '店铺商品限时折扣促销活动设置及管理', '0', '0000-00-00 00:00:00'), ('17005', '17000', '店铺满即送', '', '14700', '', '', '', '店铺满即送活动相关设定及管理', '0', '0000-00-00 00:00:00'), ('17006', '17000', '积分兑换', '', '14800', '', '', '', '商城积分礼品的发布及兑换礼品的管理', '0', '0000-00-00 00:00:00'), ('17007', '17000', '店铺代金券', '', '14900', '', '', '', '商城店铺代金券活动设定与管理', '0', '0000-00-00 00:00:00'), ('17008', '17000', '平台红包', '', '15400', '', '', '', '平台红包新增与管理', '0', '0000-00-00 00:00:00'), ('17009', '17001', '促销设定', '', '3700', 'Config', 'promotion', 'config_type%5B%5D=promotion', '<li>商城对各类型促销活动设定开关</li>', '0', '0000-00-00 00:00:00'), ('17010', '17002', '团购活动', '', '3720', 'Promotion_GroupBuy', 'index', '', '<li>管理员可以审核新的团购活动申请、取消进行中的团购活动或者删除团购活动。</li>', '0', '0000-00-00 00:00:00'), ('17011', '17002', '团购分类', '', '3760', 'Promotion_GroupBuy', 'cat', '', '<li>团购分类最多为2级分类，商家发布团购活动时选择分类，用于团购聚合页对团购活动进行筛选</li>', '0', '0000-00-00 00:00:00'), ('17012', '17002', '团购价格区间', '', '3800', 'Promotion_GroupBuy', 'price', '', '<li>前台团购按价格筛选的区间，各个区间段的金额不要发生重叠</li>', '0', '0000-00-00 00:00:00'), ('17013', '17002', '首页幻灯片', '', '0', 'Config', 'slider', 'config_type%5B%5D=slider', '<li>该组幻灯片滚动图片应用于团购聚合页上部使用，最多可上传4张图片。</li>\n              <li>图片要求使用宽度为1043像素，高度为396像素jpg/gif/png格式的图片。</li>\n              <li>上传图片后请添加格式为“http://网址...”链接地址，设定后将在显示页面中点击幻灯片将以另打开窗口的形式跳转到指定网址。</li>\n              <li>清空操作将删除聚合页上的滚动图片，请注意操作</li>', '0', '0000-00-00 00:00:00'), ('17014', '17002', '虚拟团购地区', '', '0', 'Promotion_GroupBuy', 'vrArea', '', '<li>商家发布虚拟商品的团购时，需要选择虚拟团购所属区域</li>\n   <li>显示一级城市名称，可以编辑、删除一级城市，点击查看区域，可以查看该城市下区域列表</li>', '0', '0000-00-00 00:00:00'), ('17015', '17002', '团购设置', '', '0', 'Config', 'groupbuy', 'config_type%5B%5D=groupbuy', '<li>团购单价、审核期设置</li>', '0', '0000-00-00 00:00:00'), ('17016', '17002', '已开通店铺', '', '0', 'Promotion_GroupBuy', 'quota', '', '<li>商家团购套餐列表</li>', '0', '0000-00-00 00:00:00'), ('17017', '17003', '活动列表', '', '3950', 'Promotion_ActIncrease', 'increaseList', '', '<li>商家发布的加价购列表 </li>\n       <li>取消操作不可恢复，请慎重操作 </li>\n       <li>点击详细链接查看活动详细信息 </li>', '0', '0000-00-00 00:00:00'), ('17018', '17003', '套餐列表', '', '0', 'Promotion_ActIncrease', 'increaseQuota', '', '<li>商家的加价购套餐列表</li>', '0', '0000-00-00 00:00:00'), ('17019', '17003', '设置', '', '0', 'Config', 'increase', 'config_type%5B%5D=increase', '<li>加价购购买单价设置</li>', '0', '0000-00-00 00:00:00'), ('17020', '17004', '活动列表', '', '3990', 'Promotion_Discount', 'discountList', '', '<li>商家发布的限时折扣活动列表</li>\n            <li>取消操作不可恢复，请慎重操作</li>\n            <li>点击详细链接查看活动详细信息</li>', '0', '0000-00-00 00:00:00'), ('17021', '17004', '套餐列表', '', '4030', 'Promotion_Discount', 'discountQuota', '', '<li>手工设置代金券失效后,用户将不能领取该代金券,但是已经领取的代金券仍然可以使用。</li>', '0', '0000-00-00 00:00:00'), ('17022', '17004', '设置', '', '4070', 'Config', 'discount', 'config_type%5B%5D=discount', '<li>限时折扣价格设置</li>', '0', '0000-00-00 00:00:00'), ('17023', '17005', '活动列表', '', '4080', 'Promotion_ActGift', 'index', '', '<li>商家发布的满即送活动列表</li>\n            <li>取消操作不可恢复，请慎重操作</li>\n            <li>点击详细链接查看活动详细信息</li>', '0', '0000-00-00 00:00:00'), ('17024', '17005', '套餐列表', '', '4120', 'Promotion_ActGift', 'actGiftQuota', '', '<li>商家的满即送套餐列表</li>', '0', '0000-00-00 00:00:00'), ('17025', '17005', '设置', '', '4130', 'Config', 'mansong', 'config_type%5B%5D=mansong', '<li>店铺满即送价格设置</li>', '0', '0000-00-00 00:00:00'), ('17026', '17006', '礼品列表', '', '4140', 'Promotion_Points', 'goods', '', '<li>使用积分兑换功能请先确保系统积分状态处于开启状态（促销 -> 促销设定），礼品会出现在积分中心，会员可凭积分兑换，兑换成功后，由系统平台进行发货。</li>', '0', '0000-00-00 00:00:00'), ('17027', '17006', '兑换列表', '', '4180', 'Promotion_Points', 'order', '', '<li>积分兑换列表</li>', '0', '0000-00-00 00:00:00'), ('17028', '17007', '店铺代金券', '', '4230', 'Promotion_Voucher', 'get', '', '<li>手工设置代金券失效后,用户将不能领取该代金券,但是已经领取的代金券仍然可以使用。</li>', '0', '0000-00-00 00:00:00'), ('17029', '17007', '套餐列表', '', '4270', 'Promotion_Voucher', 'quota', '', '<li>取消操作后不可恢复，请慎重操作。</li>', '0', '0000-00-00 00:00:00'), ('17030', '17007', '面额设置', '', '4280', 'Promotion_Voucher', 'price', '', '<li>管理员规定代金券面额，店铺发放代金券时面额从规定的面额中选择。</li>', '0', '0000-00-00 00:00:00'), ('17031', '17007', '设置', '', '4330', 'Config', 'voucher', 'config_type%5B%5D=voucher', '<li>店铺代金券设置</li>', '0', '0000-00-00 00:00:00'), ('17032', '17008', '平台红包', '', '0', 'Promotion_RedPacket', 'redPacketList', '', '<li>红包模板失效或者过期后,用户将不能领取,但是已经领取的红包仍然可以使用</li><li>已兑换红包后则相应红包模板不可删除</li>', '0', '0000-00-00 00:00:00'), ('18000', '0', '账 号', '', '0', 'Seller_Account', 'index', '', '', '10', '0000-00-00 00:00:00'), ('19000', '0', '手机端', 'icon-silde09', '0', '', '', '', '', '50', '0000-00-00 00:00:00'), ('19001', '19000', '模板设置', '', '15000', '', '', '', '手机客户端首页/专题页模板设置', '0', '0000-00-00 00:00:00'), ('19002', '19000', '分类图片', '', '15100', '', '', '', '手机客户端商品分类图标/图片设置', '0', '0000-00-00 00:00:00'), ('19003', '19000', '应用安装', '', '15200', '', '', '', '手机客户端应用安装包下载地址等设置', '0', '0000-00-00 00:00:00'), ('19004', '19000', '微信二维码', '', '15300', '', '', '', '微信公众账号二维码图片上传', '0', '0000-00-00 00:00:00'), ('19005', '19001', '首页', '', '0', 'Config', 'mobileIndex', 'config_type%5B%5D=mobile', '<li>点击右侧组件的“添加”按钮，增加对应类型版块到页面，其中“广告条版块”只能添加一个。</li>\n            <li>鼠标触及左侧页面对应版块，出现操作类链接，可以对该区域块进行“移动”、“启用/禁用”、“编辑”、“删除”操作。</li>\n            <li>新增加的版块内容默认为“禁用”状态，编辑内容并“启用”该块后将在手机端即时显示。</li>', '0', '0000-00-00 00:00:00'), ('19006', '19002', '分类图片', '', '0', 'Mb_CatImage', 'index', '', '<li>设置的广告信息将显示在手机端首页</li>', '0', '0000-00-00 00:00:00'), ('19007', '19003', '微信二维码', '', '0', 'Mb_TplLayout', 'app', '', '<li>当前安卓安装包版本用于安卓包在线升级，请保证所填版本号与提供下载的apk文件保持一致</li>\n            <li>下载地址为完整的网址，以“http://”开头，“生成二维码”中网址为程序自动生成</li>', '0', '0000-00-00 00:00:00'), ('19008', '19004', '微信二维码', '', '0', 'Mb_TplLayout', 'wx', '', '<li>上传商城的微信公众账号二维码图片后，前台用户可使用微信扫一扫进行关注</li>', '0', '0000-00-00 00:00:00'), ('19009', '11002', 'Analytics API设置', '', '0', 'Config', 'analyticsApi', 'config_type%5B%5D=api', '<li>我们的商城系统在开发的时候,网站前台与后台进行了独立开发独立部署的设计理念,这样便于各个子系统与管理员后台进行分布式多台服务器上部署成为可能。提高了系统的抗压能力与安全等级。在这里可以配置商城系统与各子系统之间通讯的API与Key值配置</li>', '5', '0000-00-00 00:00:00'), ('20002', '0', '工银撒', '', '0', '', '', '', '', '50', '0000-00-00 00:00:00');
COMMIT;

-- ----------------------------
--  Table structure for `yf_admin_rights_base`
-- ----------------------------
DROP TABLE IF EXISTS `yf_admin_rights_base`;
CREATE TABLE `yf_admin_rights_base` (
  `rights_id` smallint(4) unsigned NOT NULL AUTO_INCREMENT COMMENT '权限Id',
  `rights_name` varchar(20) NOT NULL DEFAULT '' COMMENT '权限名称',
  `rights_parent_id` smallint(4) unsigned NOT NULL COMMENT '权限父Id',
  `rights_remark` varchar(255) NOT NULL COMMENT '备注',
  `rights_order` smallint(4) NOT NULL DEFAULT '50' COMMENT '排序',
  PRIMARY KEY (`rights_id`)
) ENGINE=InnoDB AUTO_INCREMENT=15601 DEFAULT CHARSET=utf8  COMMENT='权限表 ';

-- ----------------------------
--  Records of `yf_admin_rights_base`
-- ----------------------------
BEGIN;
INSERT INTO `yf_admin_rights_base` VALUES ('1', '首页', '0', '首页', '50'), ('4', '会员协议', '0', '会员协议', '80'), ('5', '页面导航', '0', '页面导航', '90'), ('6', '推荐位', '0', '推荐位', '100'), ('7', '地区设置', '0', '地区设置', '110'), ('8', '计划任务', '0', '计划任务', '120'), ('9', '分类管理', '0', '分类管理', '130'), ('10', '品牌管理', '0', '品牌管理', '140'), ('11', '规格管理', '0', '规格管理', '150'), ('13', '促销设定', '0', '促销设定', '170'), ('14', '团购管理', '0', '团购管理', '180'), ('15', '虚拟团购设置', '0', '虚拟团购设置', '190'), ('16', '加价购', '0', '加价购', '200'), ('17', '限时折扣', '0', '限时折扣', '210'), ('18', '店铺满即送', '0', '店铺满即送', '220'), ('19', '积分兑换', '0', '积分兑换', '230'), ('20', '店铺代金券', '0', '店铺代金券', '240'), ('21', '投诉管理', '0', '投诉管理', '250'), ('22', '类型管理', '0', '类型管理', '260'), ('23', '商品推荐', '0', '商品推荐', '270'), ('50', '商城设置', '0', '商城设置', '500'), ('51', '图片设置', '0', '图片设置', '510'), ('52', '搜索设置', '0', '搜索设置', '520'), ('53', 'SEO设置', '0', 'SEO设置', '530'), ('54', '消息通知', '0', '消息通知', '540'), ('55', '快递公司', '0', '快递公司', '550'), ('56', '运单模板', '0', '运单模板', '560'), ('57', '会员管理', '0', '会员管理', '570'), ('58', '等级经验值', '0', '等级经验值', '580'), ('59', '积分管理', '0', '积分管理', '590'), ('60', '会员标签', '0', '会员标签', '600'), ('61', '会员消息', '0', '会员消息', '610'), ('80', '店铺管理', '0', '店铺管理', '810'), ('81', '店铺等级', '0', '店铺等级', '820'), ('82', '店铺分类', '0', '店铺分类', '830'), ('83', '二级域名', '0', '二级域名', '840'), ('84', '商家入驻', '0', '商家入驻', '850'), ('85', '自营店铺', '0', '自营店铺', '860'), ('100', '运营设置', '0', '运营设置', '1000'), ('101', '结算管理', '0', '结算管理', '1010'), ('102', '虚拟订单结算', '0', '虚拟订单结算', '1020'), ('103', '平台客服', '0', '平台克服', '1030'), ('104', '平台充值卡', '0', '平台充值卡', '1040'), ('105', '物流自提服务站', '0', '物流自提服务站', '1050'), ('106', '消费者保障服务', '0', '消费者服务保障', '1060'), ('111', '基础设置', '0', '基础设置', '50'), ('112', 'API设置', '0', 'API设置', '50'), ('113', '系统工具', '0', '系统工具', '50'), ('114', '数据管理', '0', '数据管理', '50'), ('115', '模板风格', '0', '模板风格', '50'), ('116', '帮助设置', '0', '帮助设置', '50'), ('117', '物流设置', '0', '物流设置', '50'), ('118', '权限设置', '0', '权限设置', '50'), ('119', '分站管理', '0', '分站管理', '50'), ('120', '分销设置', '0', '分销设置', '50'), ('121', '商品管理', '0', '商品管理', '50'), ('122', '图片空间', '0', '图片空间', '50'), ('123', '店铺动态', '0', '店铺动态', '50'), ('124', '店铺帮助', '0', '店铺帮助', '50'), ('125', '分享绑定', '0', '分享绑定', '50'), ('126', '商品订单', '0', '商品订单', '50'), ('127', '虚拟订单', '0', '虚拟订单', '50'), ('128', '退款管理', '0', '退款管理', '50'), ('129', '退货管理', '0', '退货管理', '50'), ('130', '虚拟订单退款', '0', '虚拟订单退款', '50'), ('131', '咨询管理', '0', '咨询管理', '50'), ('132', '举报管理', '0', '举报管理', '50'), ('133', '评价管理', '0', '评价管理', '50'), ('134', '平台红包', '0', '平台红包', '50'), ('135', '模板设置', '0', '模板设置', '50'), ('136', '分类图片', '0', '分类图片', '50'), ('137', '应用安装', '0', '应用安装', '50'), ('138', '微信二维码', '0', '微信二维码', '50'), ('3000', '首页显示', '1', '首页', '50'), ('3010', '文章分类_查询', '116', '文章分类_查询', '20'), ('3020', '文章分类_新增', '116', '文章分类_新增', '20'), ('3030', '文章分类_修改', '116', '文章分类_修改', '20'), ('3040', '文章分类_删除', '116', '文章分类_删除', '20'), ('3060', '文章管理_查询', '116', '文章管理_查询', '30'), ('3070', '文章管理_新增', '116', '文章管理_新增', '30'), ('3080', '文章管理_修改', '116', '文章管理_修改', '30'), ('3090', '文章管理_删除', '116', '文章管理_删除', '30'), ('3110', '新增', '4', '会员协议_新增', '40'), ('3120', '删除', '4', '会员协议_删除', '40'), ('3130', '修改', '4', '会员协议_修改', '40'), ('3140', '查询', '4', '会员协议_查询', '40'), ('3160', '查询', '5', '页面导航_查询', '50'), ('3170', '新增', '5', '页面导航_新增', '50'), ('3180', '修改', '5', '页面导航_修改', '50'), ('3190', '删除', '5', '页面导航_删除', '50'), ('3200', '查询', '6', '推荐位_查询', '60'), ('3210', '新增', '6', '推荐位_新增', '60'), ('3220', '修改', '6', '推荐位_修改', '60'), ('3230', '删除', '6', '推荐位_删除', '60'), ('3240', '查询', '7', '地区设置_查询', '70'), ('3250', '新增', '7', '地区设置_新增', '70'), ('3260', '修改', '7', '地区设置_修改', '70'), ('3270', '删除', '7', '地区设置_删除', '70'), ('3280', '查询', '8', '计划任务_查询', '80'), ('3290', '新增', '8', '计划任务_新增', '80'), ('3300', '修改', '8', '计划任务_修改', '80'), ('3310', '删除', '8', '计划任务_删除', '80'), ('3320', '查询', '9', '商品分类_查询', '90'), ('3330', '新增', '9', '商品分类_新增', '90'), ('3340', '修改', '9', '商品分类_修改', '90'), ('3350', '删除', '9', '商品分类_删除', '90'), ('3360', '分类导航', '9', '商品分类导航', '90'), ('3370', '查询', '10', '品牌管理_查询', '100'), ('3371', '导出', '10', '品牌管理_导出', '110'), ('3380', '新增', '10', '品牌管理_新增', '100'), ('3390', '修改', '10', '品牌管理_修改', '100'), ('3400', '删除', '10', '品牌管理_删除', '100'), ('3410', '查询', '11', '商品规格_查询', '110'), ('3420', '新增', '11', '商品规格_新增', '110'), ('3430', '修改', '11', '商品规格_修改', '110'), ('3440', '删除', '11', '商品规格_删除', '110'), ('3700', '查看', '13', '促销设定', '130'), ('3710', '修改', '13', '促销设定', '130'), ('3720', '团购活动_查看', '14', '团购管理', '140'), ('3730', '团购活动_编辑', '14', '团购管理', '140'), ('3740', '团购活动_删除', '14', '团购管理', '140'), ('3750', '套餐管理_查看', '14', '团购管理', '140'), ('3760', '团购分类_查看', '14', '团购管理', '140'), ('3770', '团购分类_新增', '14', '团购管理', '140'), ('3780', '团购分类_编辑', '14', '团购管理', '140'), ('3790', '团购分类_删除', '14', '团购管理', '140'), ('3800', '团购价格区间_查看', '14', '团购管理', '140'), ('3810', '团购价格区间_新增', '14', '团购管理', '140'), ('3820', '团购价格区间_编辑', '14', '团购管理', '140'), ('3830', '团购价格区间_删除', '14', '团购管理', '140'), ('3840', '设置_查看', '14', '团购管理', '140'), ('3850', '设置_编辑', '14', '团购管理', '140'), ('3860', '幻灯片_查看', '14', '团购管理', '140'), ('3870', '分类管理_查看', '15', '虚拟团购设置', '150'), ('3880', '分类管理_新增', '15', '虚拟团购设置', '150'), ('3890', '分类管理_编辑', '15', '虚拟团购设置', '150'), ('3900', '分类管理_删除', '15', '虚拟团购设置', '150'), ('3910', '区域管理_查看', '15', '虚拟团购设置', '150'), ('3920', '区域管理_新增', '15', '虚拟团购设置', '150'), ('3930', '区域管理_编辑', '15', '虚拟团购设置', '150'), ('3940', '区域管理_删除', '15', '虚拟团购设置', '150'), ('3950', '活动列表_查询', '16', '加价购', '160'), ('3960', '活动列表_编辑', '16', '加价购', '160'), ('3970', '活动列表_新增', '16', '加价购', '160'), ('3980', '活动列表_删除', '16', '加价购', '160'), ('3990', '活动列表_查询', '17', '限时折扣', '170'), ('4000', '活动列表_编辑', '17', '限时折扣', '170'), ('4010', '活动列表_删除', '17', '限时折扣', '170'), ('4020', '活动列表_新增', '17', '限时折扣', '170'), ('4030', '套餐管理_查询', '17', '限时折扣', '170'), ('4040', '套餐管理_新增', '17', '限时折扣', '170'), ('4050', '套餐管理_编辑', '17', '限时折扣', '170'), ('4060', '套餐管理_删除', '17', '限时折扣', '170'), ('4070', '设置', '17', '限时折扣', '170'), ('4080', '活动列表_查看', '18', '店铺满即送', '210'), ('4090', '活动列表_新增', '18', '店铺满即送', '210'), ('4100', '活动列表_编辑', '18', '店铺满即送', '210'), ('4110', '活动列表_删除', '18', '店铺满即送', '210'), ('4120', '套餐管理_查看', '18', '店铺满即送', '210'), ('4130', '设置', '18', '店铺满即送', '210'), ('4140', '礼品列表_查询', '19', '积分兑换', '220'), ('4150', '礼品列表_新增', '19', '积分兑换', '220'), ('4160', '礼品列表_编辑', '19', '积分兑换', '220'), ('4170', '礼品列表_删除', '19', '积分兑换', '220'), ('4180', '兑换列表_查询', '19', '积分兑换', '220'), ('4190', '兑换列表_新增', '19', '积分兑换', '220'), ('4200', '兑换列表_编辑', '19', '积分兑换', '220'), ('4210', '兑换列表_删除', '19', '积分兑换', '220'), ('4220', '兑换列表_发货', '19', '积分兑换', '220'), ('4230', '店铺代金券_查询', '20', '店铺代金券', '230'), ('4240', '店铺代金券_新增', '20', '店铺代金券', '230'), ('4250', '店铺代金券_编辑', '20', '店铺代金券', '230'), ('4260', '店铺代金券_删除', '20', '店铺代金券', '230'), ('4270', '套餐管理_查看', '20', '店铺代金券', '230'), ('4280', '面额设置_查看', '20', '店铺代金券', '230'), ('4290', '面额设置_编辑', '20', '店铺代金券', '230'), ('4300', '面额设置_新增', '20', '店铺代金券', '230'), ('4310', '面额设置_删除', '20', '店铺代金券', '230'), ('4320', '面额设置_检查', '20', '店铺代金券', '230'), ('4330', '设置', '20', '店铺代金券', '230'), ('4340', '查看', '21', '投诉管理', '240'), ('4350', '编辑', '21', '投诉管理', '240'), ('4360', '审核', '21', '投诉管理', '240'), ('4370', '关闭', '21', '投诉管理', '240'), ('4380', '主题设置_查看', '21', '投诉管理', '240'), ('4390', '主题设置_编辑', '21', '投诉管理', '240'), ('4400', '主题设置_新增', '21', '投诉管理', '240'), ('4410', '主题设置_删除', '21', '投诉管理', '240'), ('4420', '设置', '21', '投诉管理', '240'), ('5000', '商城设置_查询', '50', '商城设置', '500'), ('5010', '商城设置_编辑', '50', '商城设置', '500'), ('5020', '防灌水设置_查询', '50', '商城设置', '500'), ('5030', '防灌水设置_编辑', '50', '商城设置', '500'), ('5040', '默认图片_查询', '51', '图片设置', '510'), ('5050', '默认图片_编辑', '51', '图片设置', '510'), ('5060', '水印字体_查询', '51', '图片设置', '510'), ('5070', '水印字体_编辑', '51', '图片设置', '510'), ('5080', '默认搜索_查询', '52', '搜索设置', '520'), ('5090', '默认搜索_编辑', '52', '搜索设置', '520'), ('5100', '热门搜索_查询', '52', '搜索设置', '520'), ('5110', '热门搜索_增加', '52', '搜索设置', '520'), ('5120', '热门搜索_编辑', '52', '搜索设置', '520'), ('5130', '热门搜索_删除', '52', '搜索设置', '520'), ('5140', 'seo首页_查询', '53', 'SEO设置', '530'), ('5150', 'seo首页_编辑', '53', 'SEO设置', '530'), ('5160', '消息模板_查询', '54', '消息通知', '540'), ('5170', '消息模板_编辑', '54', '消息通知', '540'), ('5180', '快递公司_查询', '55', '快递公司', '550'), ('5190', '快递公司_编辑', '55', '快递公司', '550'), ('5200', '运单模板_查询', '55', '运单模板', '560'), ('5210', '运单模板_增加', '55', '运单模板', '560'), ('5220', '运单模板_编辑', '55', '运单模板', '560'), ('5230', '运单模板_删除', '55', '运单模板', '560'), ('5240', '会员管理_查询', '57', '会员管理', '570'), ('5250', '会员管理_编辑', '57', '会员管理', '570'), ('5260', '经验值明细_查询', '58', '等级经验值', '580'), ('5270', '规则设置_查询', '58', '等级经验值', '580'), ('5280', '规则设置_编辑', '58', '等级经验值', '580'), ('5290', '等级设置_查询', '58', '等级经验值', '580'), ('5300', '等级设置_编辑', '58', '等级经验值', '580'), ('5310', '积分明细_查询', '59', '积分明细', '590'), ('5320', '规则设置_查询', '59', '积分明细', '590'), ('5330', '规则设置_编辑', '59', '积分明细', '590'), ('5340', '积分增减_查询', '59', '积分明细', '590'), ('5350', '积分增减_编辑', '59', '积分明细', '590'), ('5360', '会员标签_查询', '60', '会员标签', '600'), ('5370', '会员标签_增加', '60', '会员标签', '600'), ('5380', '会员标签_编辑', '60', '会员标签', '600'), ('5390', '会员标签_删除', '60', '会员标签', '600'), ('5400', '会员消息_查询', '61', '会员消息', '610'), ('8000', '商城设置_查看', '80', '店铺管理', '800'), ('8010', '商城设置_编辑', '80', '店铺管理', '800'), ('8020', '商城设置_查看店铺', '80', '店铺管理', '800'), ('8030', '商城设置_编辑店铺', '80', '店铺管理', '800'), ('8040', '商城设置_查看注册信息', '80', '店铺管理', '800'), ('8050', '商城设置_查看经营类目', '80', '店铺管理', '800'), ('8060', '商城管理_编辑经营类目', '80', '店铺管理', '800'), ('8070', '商城管理_新增经营类目', '80', '店铺管理', '800'), ('8080', '商城管理_删除经营类目', '80', '店铺管理', '800'), ('8090', '审核开店信息_查看', '80', '店铺管理', '800'), ('8100', '审核开店信息_审核', '80', '店铺管理', '800'), ('8110', '审核店铺付款_查看', '80', '店铺管理', '800'), ('8120', '审核店铺付款_审核', '80', '店铺管理', '800'), ('8130', '续签申请_查看', '80', '店铺管理', '800'), ('8140', '续签申请_删除', '80', '店铺管理', '800'), ('8150', '经营类目申请_查看', '80', '店铺管理', '800'), ('8160', '经营类目申请_删除', '80', '店铺管理', '800'), ('8170', '结算周期设置_查看', '80', '店铺管理', '800'), ('8180', '结算周期设置_编辑', '80', '店铺管理', '800'), ('8190', '查看', '81', '店铺等级', '810'), ('8200', '新增', '81', '店铺等级', '810'), ('8210', '编辑', '81', '店铺等级', '810'), ('8220', '删除', '81', '店铺等级', '810'), ('8230', '选择模版', '81', '店铺等级 ', '810'), ('8240', '查看', '82', '店铺分类', '820'), ('8250', '新增', '82', '店铺分类', '820'), ('8260', '编辑', '82', '店铺分类', '820'), ('8270', '删除', '82', '店铺分类', '820'), ('8280', '查看', '83', '二级域名', '830'), ('8290', '编辑', '83', '二级域名', '830'), ('8300', '地域列表_查看', '83', '二级域名', '830'), ('8310', '地域列表_编辑', '83', '二级域名', '830'), ('8320', '查看', '85', '自营店铺', '850'), ('8330', '新增', '85', '自营店铺', '850'), ('8340', '编辑', '85', '自营店铺', '850'), ('8350', '删除', '85', '自营店铺', '850'), ('8500', '查看', '100', '运营设置', '900'), ('8510', '编辑', '100', '运营设置', '900'), ('8520', '查看', '101', '结算管理', '910'), ('8530', '导出', '101', '结算管理', '910'), ('8540', '查看', '102', '虚拟订单结算', '920'), ('8550', '导出', '102', '虚拟订单结算', '920'), ('8560', '咨询列表_查看', '103', '平台服务', '930'), ('8570', '咨询列表_新增', '103', '平台服务', '930'), ('8580', '咨询列表_编辑', '103', '平台服务', '930'), ('8590', '咨询列表_删除', '103', '平台服务', '930'), ('8600', '咨询类型_查看', '103', '平台客服', '930'), ('8610', '咨询类型_新增', '103', '平台客服', '930'), ('8620', '咨询类型_编辑', '103', '平台客服', '930'), ('8630', '咨询类型_删除', '103', '平台客服', '930'), ('8640', '查看', '104', '平台充值卡', '940'), ('8650', '新增', '104', '平台充值卡', '940'), ('8660', '编辑', '104', '平台充值卡', '940'), ('8670', '删除', '104', '平台充值卡', '940'), ('8680', '查看', '105', '物流自提服务站', '950'), ('8690', '新增', '105', '物流自提服务站', '950'), ('8700', '编辑', '105', '物流自提服务站', '950'), ('8710', '删除', '105', '物流自提服务站', '950'), ('8720', '服务加入申请_查看', '106', '消费者保障服务', '960'), ('8730', '服务加入申请_新增', '106', '消费者保障服务', '960'), ('8740', '服务加入申请_编辑', '106', '消费者保障服务', '960'), ('8750', '服务加入申请_删除', '106', '消费者保障服务', '960'), ('8760', '服务退出申请_查看', '106', '消费者保障服务', '960'), ('8770', '服务退出申请_新增', '106', '消费者保障服务', '960'), ('8780', '服务退出申请_编辑', '106', '消费者保障服务', '960'), ('8790', '服务退出申请_删除', '106', '消费者保障服务', '960'), ('8800', '店铺保障服务_查看', '106', '消费者保障服务', '960'), ('8810', '店铺保障服务_新增', '106', '消费保障者服务', '960'), ('8820', '店铺保障服务_编辑', '106', '消费保障者服务', '960'), ('8830', '店铺保障服务_删除', '106', '消费保障者服务', '960'), ('8840', '保障服务管理_查看', '106', '消费者保障服务', '960'), ('8850', '保障服务管理_编辑', '106', '消费者保障服务', '960'), ('8860', '保障服务管理_新增', '106', '消费者保障服务', '960'), ('8870', '保障服务管理_删除', '106', '消费者保障服务', '960'), ('8880', '查看', '23', '商品推荐', '970'), ('8890', '编辑', '23', '商品推荐', '970'), ('8900', '新增', '23', '商品图鉴', '970'), ('8910', '删除', '23', '商品推荐', '970'), ('9000', '显示主目录', '111', '基础设置_显示主目录', '50'), ('9100', '显示主目录', '112', 'API设置_显示主目录', '50'), ('9200', '显示主目录', '113', '系统工具_显示主目录', '50'), ('9300', '显示主目录', '114', '数据管理_显示主目录', '50'), ('9400', '显示主目录', '50', '商城设置_显示主目录', '50'), ('9500', '显示主目录', '51', '图片设置_显示主目录', '50'), ('9600', '显示主目录', '53', 'SEO设置_显示主目录', '50'), ('9700', '显示主目录', '54', '消息通知_显示主目录', '50'), ('9800', '显示主目录', '55', '快递公司_显示主目录', '50'), ('9900', '显示主目录', '56', '运单模板_显示主目录', '50'), ('10000', '显示主目录', '8', '计划任务_显示主目录', '50'), ('10100', '显示主目录', '115', '模板风格_显示主目录', '50'), ('10200', '显示主目录', '116', '帮助设置_显示主目录', '50'), ('10300', '显示主目录', '117', '物流设置_显示主目录', '50'), ('10400', '显示主目录', '5', '页面导航_显示主目录', '50'), ('10500', '显示主目录', '118', '权限设置_显示主目录', '50'), ('10600', '显示主目录', '119', '分站管理_显示主目录', '50'), ('10700', '显示主目录', '120', '分销设置_显示主目录', '50'), ('10800', '显示主目录', '121', '商品管理_显示主目录', '50'), ('10900', '显示主目录', '9', '分类管理_显示主目录', '50'), ('11000', '显示主目录', '10', '品牌管理_显示主目录', '50'), ('11100', '显示主目录', '22', '类型管理_显示主目录', '50'), ('11200', '显示主目录', '11', '规格管理_显示主目录', '50'), ('11300', '显示主目录', '122', '图片空间_显示主目录', '50'), ('11400', '显示主目录', '123', '店铺动态_显示主目录', '50'), ('11500', '显示主目录', '124', '店铺帮助_显示主目录', '50'), ('11600', '显示主目录', '23', '商品推荐_显示主目录', '50'), ('11700', '显示主目录', '80', '店铺管理_显示主目录', '50'), ('11800', '显示主目录', '81', '店铺等级_显示主目录', '50'), ('11900', '显示主目录', '82', '店铺分类_显示主目录', '50'), ('12000', '显示主目录', '83', '二级域名_显示主目录', '50'), ('12100', '显示主目录', '84', '商家入驻_显示主目录', '50'), ('12200', '显示主目录', '85', '自营店铺_显示主目录', '50'), ('12300', '显示主目录', '57', '会员管理_显示主目录', '50'), ('12400', '显示主目录', '59', '积分管理_显示主目录', '50'), ('12500', '显示主目录', '125', '分享绑定_显示主目录', '50'), ('12600', '显示主目录', '60', '会员标签_显示主目录', '50'), ('12700', '显示主目录', '61', '会员消息_显示主目录', '50'), ('12800', '显示主目录', '126', '商品订单_显示主目录', '50'), ('12900', '显示主目录', '127', '虚拟订单_显示主目录', '50'), ('13000', '显示主目录', '129', '退货管理_显示主目录', '50'), ('13100', '显示主目录', '130', '虚拟订单退款_显示主目录', '50'), ('13200', '显示主目录', '131', '咨询管理_显示主目录', '50'), ('13300', '显示主目录', '132', '举报管理_显示主目录', '50'), ('13400', '显示主目录', '133', '评价管理_显示主目录', '50'), ('13500', '显示主目录', '21', '投诉管理_显示主目录', '50'), ('13600', '显示主目录', '100', '运营设置_显示主目录', '50'), ('13700', '显示主目录', '101', '结算管理_显示主目录', '50'), ('13800', '显示主目录', '102', '虚拟订单结算_显示主目录', '50'), ('13900', '显示主目录', '103', '平台客服_显示主目录', '50'), ('14000', '显示主目录', '104', '平台充值卡_显示主目录', '50'), ('14100', '显示主目录', '105', '物流自提服务站_显示主目录', '50'), ('14200', '显示主目录', '106', '消费者保障服务_显示主目录', '50'), ('14300', '显示主目录', '13', '促销设定_显示主目录', '50'), ('14400', '显示主目录', '14', '团购管理_显示主目录', '50'), ('14500', '显示主目录', '16', '加价购_显示主目录', '50'), ('14600', '显示主目录', '17', '限时折扣_显示主目录', '50'), ('14700', '显示主目录', '18', '店铺满即送_显示主目录', '50'), ('14800', '显示主目录', '19', '积分兑换_显示主目录', '50'), ('14900', '显示主目录', '20', '店铺代金券_显示主目录', '50'), ('15000', '显示主目录', '135', '模板设置_显示主目录', '50'), ('15100', '显示主目录', '136', '分类图片_显示主目录', '50'), ('15200', '显示主目录', '137', '应用安装_显示主目录', '50'), ('15300', '显示主目录', '138', '微信二维码_显示主目录', '50'), ('15400', '显示主目录', '134', '平台红包_显示主目录', '50'), ('15500', '显示主目录', '128', '退款管理_显示主目录', '50'), ('15600', '显示主目录', '58', '等级经验值_显示主目录', '50');
COMMIT;

-- ----------------------------
--  Table structure for `yf_admin_rights_data_type`
-- ----------------------------
DROP TABLE IF EXISTS `yf_admin_rights_data_type`;
CREATE TABLE `yf_admin_rights_data_type` (
  `rights_data_type_id` mediumint(6) unsigned NOT NULL AUTO_INCREMENT COMMENT '权限数据类型id',
  `rights_data_type_name` varchar(50) NOT NULL COMMENT '权限数据类型名称',
  `rights_data_type_primary_key` text NOT NULL COMMENT '数据主键',
  PRIMARY KEY (`rights_data_type_id`)
) ENGINE=InnoDB AUTO_INCREMENT=2 DEFAULT CHARSET=utf8 COMMENT='数据权限类型表';

-- ----------------------------
--  Records of `yf_admin_rights_data_type`
-- ----------------------------
BEGIN;
INSERT INTO `yf_admin_rights_data_type` VALUES ('1', '分站', 'sub_site_id');
COMMIT;

-- ----------------------------
--  Table structure for `yf_admin_rights_group`
-- ----------------------------
DROP TABLE IF EXISTS `yf_admin_rights_group`;
CREATE TABLE `yf_admin_rights_group` (
  `rights_group_id` smallint(4) unsigned NOT NULL AUTO_INCREMENT COMMENT '权限组id',
  `rights_group_name` varchar(50) NOT NULL COMMENT '权限组名称',
  `rights_group_rights_ids` text NOT NULL COMMENT '权限列表',
  `rights_group_add_time` int(10) NOT NULL COMMENT '创建时间',
  PRIMARY KEY (`rights_group_id`)
) ENGINE=InnoDB AUTO_INCREMENT=51 DEFAULT CHARSET=utf8  COMMENT='权限组表';

-- ----------------------------
--  Records of `yf_admin_rights_group`
-- ----------------------------
BEGIN;
INSERT INTO `yf_admin_rights_group` VALUES ('1', '系统管理员', '[3000,3010,3020,3030,3040,3060,3070,3080,3090,3110,3120,3130,3140,3160,3170,3180,3190,3200,3210,3220,3230,3240,3250,3260,3270,3280,3290,3300,3310,3320,3330,3340,3350,3360,3370,3371,3380,3390,3400,3410,3420,3430,3440,3700,3710,3720,3730,3740,3750,3760,3770,3780,3790,3800,3810,3820,3830,3840,3850,3860,3870,3880,3890,3900,3910,3920,3930,3940,3950,3960,3970,3980,3990,4000,4010,4020,4030,4040,4050,4060,4070,4080,4090,4100,4110,4120,4130,4140,4150,4160,4170,4180,4190,4200,4210,4220,4230,4240,4250,4260,4270,4280,4290,4300,4310,4320,4330,4340,4350,4360,4370,4380,4390,4400,4410,4420,5000,5010,5020,5030,5040,5050,5060,5070,5080,5090,5100,5110,5120,5130,5140,5150,5160,5170,5180,5190,5200,5210,5220,5230,5240,5250,5260,5270,5280,5290,5300,5310,5320,5330,5340,5350,5360,5370,5380,5390,5400,8000,8010,8020,8030,8040,8050,8060,8070,8080,8090,8100,8110,8120,8130,8140,8150,8160,8170,8180,8190,8200,8210,8220,8230,8240,8250,8260,8270,8280,8290,8300,8310,8320,8330,8340,8350,8500,8510,8520,8530,8540,8550,8560,8570,8580,8590,8600,8610,8620,8630,8640,8650,8660,8670,8680,8690,8700,8710,8720,8730,8740,8750,8760,8770,8780,8790,8800,8810,8820,8830,8840,8850,8860,8870,8880,8890,8900,8910,9000,9100,9200,9300,9400,9500,9600,9700,9800,9900,10000,10100,10200,10300,10400,10500,10600,10700,10800,10900,11000,11100,11200,11300,11400,11500,11600,11700,11800,11900,12000,12100,12200,12300,12400,12500,12600,12700,12800,12900,13000,13100,13200,13300,13400,13500,13600,13700,13800,13900,14000,14100,14200,14300,14400,14500,14600,14700,14800,14900,15000,15100,15200,15300,15400,15500,15600]', '0'), ('2', '城市分站', '[3360,3320,3370,3410,3850,3860,14400,8130,8170,8080,8140,11700,8090,8120,8110,8100,8150,8160,8000,8010,8020,8030,8040,8060,8070,8180,8050,8240,13600,8510,8500,8520,13700,8530,13800,8550,8540,8630,8620,8610,8600,8570,8590,8580,13900,8560,8660,8640,8670,8650,14000,8750,8850,8840,8830,8820,8810,8800,8780,8770,8760,8720,8730,8860,8870,14200,8790,8740,9200,10100,10800,12800,12900]', '0');
COMMIT;

-- ----------------------------
--  Table structure for `yf_admin_user_base`
-- ----------------------------
DROP TABLE IF EXISTS `yf_admin_user_base`;
CREATE TABLE `yf_admin_user_base` (
  `user_id` mediumint(8) unsigned NOT NULL AUTO_INCREMENT COMMENT '用户id',
  `user_account` varchar(50) NOT NULL COMMENT '用户帐号',
  `user_password` char(32) NOT NULL COMMENT '密码：使用用户中心-此处废弃',
  `user_key` varchar(32) NOT NULL COMMENT '用户Key',
  `user_delete` tinyint(4) unsigned NOT NULL DEFAULT '0' COMMENT '是否被封禁，0：未封禁，1：封禁',
  `rights_group_id` smallint(4) NOT NULL COMMENT '用户权限组id',
  `sub_site_id` int(11) NOT NULL DEFAULT '0' COMMENT '所属子站， 0总站',
  PRIMARY KEY (`user_id`),
  UNIQUE KEY `user_account` (`user_account`)
) ENGINE=InnoDB AUTO_INCREMENT=174820 DEFAULT CHARSET=utf8  COMMENT='用户基础信息表';

-- ----------------------------
--  Records of `yf_admin_user_base`
-- ----------------------------
BEGIN;
INSERT INTO `yf_admin_user_base` VALUES ('10001', 'admin', '', '', '0', '1', '0');
COMMIT;

-- ----------------------------
--  Table structure for `yf_admin_user_info`
-- ----------------------------
DROP TABLE IF EXISTS `yf_admin_user_info`;
CREATE TABLE `yf_admin_user_info` (
  `user_id` mediumint(8) NOT NULL COMMENT '用户id',
  `user_nickname` varchar(100) NOT NULL COMMENT '昵称',
  PRIMARY KEY (`user_id`)
) ENGINE=InnoDB DEFAULT CHARSET=utf8  COMMENT='用户数据库主机表';

-- ----------------------------
--  Records of `yf_admin_user_info`
-- ----------------------------
BEGIN;
INSERT INTO `yf_admin_user_info` VALUES ('10001', '');
COMMIT;

-- ----------------------------
--  Table structure for `yf_admin_user_rights_data`
-- ----------------------------
DROP TABLE IF EXISTS `yf_admin_user_rights_data`;
CREATE TABLE `yf_admin_user_rights_data` (
  `user_rights_data_id` mediumint(8) unsigned NOT NULL DEFAULT '0',
  `user_id` mediumint(8) unsigned NOT NULL COMMENT '用户id',
  `user_rights_data_value` mediumint(8) NOT NULL COMMENT '主键值',
  `rights_data_type_id` mediumint(8) unsigned NOT NULL DEFAULT '0' COMMENT '权限类型Id',
  PRIMARY KEY (`user_rights_data_id`)
) ENGINE=InnoDB DEFAULT CHARSET=utf8 COMMENT='用户数据权限表';

-- ----------------------------
--  Records of `yf_admin_user_rights_data`
-- ----------------------------
BEGIN;
INSERT INTO `yf_admin_user_rights_data` VALUES ('1', '1565', '1', '1');
COMMIT;

-- ----------------------------
--  Table structure for `yf_admin_web_config`
-- ----------------------------
DROP TABLE IF EXISTS `yf_admin_web_config`;
CREATE TABLE `yf_admin_web_config` (
  `config_key` varchar(50) NOT NULL COMMENT '数组下标',
  `config_value` text NOT NULL COMMENT '数组值',
  `config_type` varchar(50) NOT NULL,
  `config_enable` tinyint(1) NOT NULL DEFAULT '1' COMMENT '状态值，1可能，0不可用',
  `config_comment` text NOT NULL,
  `config_datatype` enum('string','json','number') NOT NULL DEFAULT 'string' COMMENT '数据类型',
  PRIMARY KEY (`config_key`),
  KEY `index` (`config_key`,`config_type`)
) ENGINE=InnoDB DEFAULT CHARSET=utf8 COMMENT='网站配置表';

-- ----------------------------
--  Records of `yf_admin_web_config`
-- ----------------------------
BEGIN;
INSERT INTO `yf_admin_web_config` VALUES ('current_db_version', '37965', 'site', '1', '', 'string'), ('current_version', '1.0.2', 'site', '1', '', 'string'), ('required_mysql_version', '5.0', 'site', '1', '', 'string'), ('required_php_version', '5.3', 'site', '1', '', 'string');
COMMIT;

SET FOREIGN_KEY_CHECKS = 1;
